0, 0, Header, 1, 8, 480
1, 0, Start_track
1, 0, Copyright_t, "Copyright (c) xxxx Copyright Holder"
1, 0, Cue_point_t, "Created by Rosegarden"
1, 0, Cue_point_t, "http://www.rosegardenmusic.com/"
1, 0, Tempo, 468750
1, 0, Time_signature, 4, 2, 24, 8
1, 88320, End_track
2, 0, Start_track
2, 0, Title_t, "Staff-2"
2, 3840, Note_on_c, 1, 72, 110
2, 3840, Control_c, 1, 91, 0
2, 3840, Control_c, 1, 7, 127
2, 3840, Control_c, 1, 93, 0
2, 3840, Control_c, 1, 10, 64
2, 3840, Control_c, 1, 121, 0
2, 3840, Program_c, 1, 40
2, 3840, Control_c, 1, 32, 0
2, 3840, Control_c, 1, 0, 0
2, 4680, Note_off_c, 1, 72, 127
2, 5040, Note_on_c, 1, 71, 110
2, 5514, Note_off_c, 1, 71, 127
2, 5520, Note_on_c, 1, 67, 110
2, 5754, Note_off_c, 1, 67, 127
2, 5760, Note_on_c, 1, 69, 110
2, 6600, Note_off_c, 1, 69, 127
2, 6960, Note_on_c, 1, 69, 110
2, 7194, Note_off_c, 1, 69, 127
2, 7200, Note_on_c, 1, 71, 110
2, 7600, Note_off_c, 1, 71, 127
2, 7680, Note_on_c, 1, 72, 110
2, 8520, Note_off_c, 1, 72, 127
2, 8880, Note_on_c, 1, 71, 110
2, 9354, Note_off_c, 1, 71, 127
2, 9360, Note_on_c, 1, 67, 110
2, 9594, Note_off_c, 1, 67, 127
2, 9600, Note_on_c, 1, 69, 110
2, 10000, Note_off_c, 1, 69, 127
2, 10080, Note_on_c, 1, 71, 110
2, 10314, Note_off_c, 1, 71, 127
2, 10320, Note_on_c, 1, 68, 110
2, 11400, Note_off_c, 1, 68, 127
2, 11520, Note_on_c, 1, 72, 110
2, 12360, Note_off_c, 1, 72, 127
2, 12720, Note_on_c, 1, 71, 110
2, 13194, Note_off_c, 1, 71, 127
2, 13200, Note_on_c, 1, 67, 110
2, 13434, Note_off_c, 1, 67, 127
2, 13440, Note_on_c, 1, 69, 110
2, 14280, Note_off_c, 1, 69, 127
2, 14640, Note_on_c, 1, 59, 110
2, 14874, Note_off_c, 1, 59, 127
2, 14880, Note_on_c, 1, 60, 110
2, 15114, Note_off_c, 1, 60, 127
2, 15120, Note_on_c, 1, 62, 110
2, 15354, Note_off_c, 1, 62, 127
2, 15360, Note_on_c, 1, 64, 110
2, 15594, Note_off_c, 1, 64, 127
2, 15600, Note_on_c, 1, 72, 110
2, 16074, Note_off_c, 1, 72, 127
2, 16080, Note_on_c, 1, 72, 110
2, 16314, Note_off_c, 1, 72, 127
2, 16320, Note_on_c, 1, 74, 110
2, 16554, Note_off_c, 1, 74, 127
2, 16560, Note_on_c, 1, 71, 110
2, 17034, Note_off_c, 1, 71, 127
2, 17040, Note_on_c, 1, 74, 110
2, 17274, Note_off_c, 1, 74, 127
2, 17280, Note_on_c, 1, 72, 110
2, 18600, Note_off_c, 1, 72, 127
2, 19200, Note_on_c, 1, 72, 110
2, 19434, Note_off_c, 1, 72, 127
2, 19440, Note_on_c, 1, 64, 110
2, 19914, Note_off_c, 1, 64, 127
2, 19920, Note_on_c, 1, 65, 110
2, 20034, Note_off_c, 1, 65, 127
2, 20040, Note_on_c, 1, 64, 110
2, 20154, Note_off_c, 1, 64, 127
2, 20160, Note_on_c, 1, 71, 110
2, 20394, Note_off_c, 1, 71, 127
2, 20400, Note_on_c, 1, 64, 110
2, 20874, Note_off_c, 1, 64, 127
2, 20880, Note_on_c, 1, 65, 110
2, 20994, Note_off_c, 1, 65, 127
2, 21000, Note_on_c, 1, 64, 110
2, 21114, Note_off_c, 1, 64, 127
2, 21120, Note_on_c, 1, 69, 110
2, 21354, Note_off_c, 1, 69, 127
2, 21360, Note_on_c, 1, 60, 110
2, 21834, Note_off_c, 1, 60, 127
2, 21840, Note_on_c, 1, 62, 110
2, 21954, Note_off_c, 1, 62, 127
2, 21960, Note_on_c, 1, 60, 110
2, 22074, Note_off_c, 1, 60, 127
2, 22080, Note_on_c, 1, 69, 110
2, 22480, Note_off_c, 1, 69, 127
2, 22560, Note_on_c, 1, 71, 110
2, 22960, Note_off_c, 1, 71, 127
2, 23040, Note_on_c, 1, 72, 110
2, 23274, Note_off_c, 1, 72, 127
2, 23280, Note_on_c, 1, 64, 110
2, 23754, Note_off_c, 1, 64, 127
2, 23760, Note_on_c, 1, 65, 110
2, 23874, Note_off_c, 1, 65, 127
2, 23880, Note_on_c, 1, 64, 110
2, 23994, Note_off_c, 1, 64, 127
2, 24000, Note_on_c, 1, 71, 110
2, 24234, Note_off_c, 1, 71, 127
2, 24240, Note_on_c, 1, 64, 110
2, 24714, Note_off_c, 1, 64, 127
2, 24720, Note_on_c, 1, 65, 110
2, 24834, Note_off_c, 1, 65, 127
2, 24840, Note_on_c, 1, 64, 110
2, 24954, Note_off_c, 1, 64, 127
2, 24960, Note_on_c, 1, 69, 110
2, 25194, Note_off_c, 1, 69, 127
2, 25200, Note_on_c, 1, 60, 110
2, 25674, Note_off_c, 1, 60, 127
2, 25680, Note_on_c, 1, 62, 110
2, 25794, Note_off_c, 1, 62, 127
2, 25800, Note_on_c, 1, 60, 110
2, 25914, Note_off_c, 1, 60, 127
2, 25920, Note_on_c, 1, 69, 110
2, 26034, Note_off_c, 1, 69, 127
2, 26040, Note_on_c, 1, 60, 110
2, 26154, Note_off_c, 1, 60, 127
2, 26160, Note_on_c, 1, 65, 110
2, 26274, Note_off_c, 1, 65, 127
2, 26280, Note_on_c, 1, 69, 110
2, 26394, Note_off_c, 1, 69, 127
2, 26400, Note_on_c, 1, 72, 110
2, 26514, Note_off_c, 1, 72, 127
2, 26520, Note_on_c, 1, 69, 110
2, 26634, Note_off_c, 1, 69, 127
2, 26640, Note_on_c, 1, 72, 110
2, 26754, Note_off_c, 1, 72, 127
2, 26760, Note_on_c, 1, 74, 110
2, 26874, Note_off_c, 1, 74, 127
2, 34560, Note_on_c, 1, 72, 110
2, 34794, Note_off_c, 1, 72, 127
2, 34800, Note_on_c, 1, 72, 110
2, 35034, Note_off_c, 1, 72, 127
2, 35040, Note_on_c, 1, 72, 110
2, 35274, Note_off_c, 1, 72, 127
2, 35280, Note_on_c, 1, 72, 110
2, 35514, Note_off_c, 1, 72, 127
2, 35520, Note_on_c, 1, 71, 110
2, 35754, Note_off_c, 1, 71, 127
2, 35760, Note_on_c, 1, 76, 110
2, 36234, Note_off_c, 1, 76, 127
2, 36240, Note_on_c, 1, 74, 110
2, 36474, Note_off_c, 1, 74, 127
2, 36480, Note_on_c, 1, 74, 110
2, 36714, Note_off_c, 1, 74, 127
2, 36720, Note_on_c, 1, 72, 110
2, 37800, Note_off_c, 1, 72, 127
2, 42240, Note_on_c, 1, 72, 110
2, 42474, Note_off_c, 1, 72, 127
2, 42480, Note_on_c, 1, 72, 110
2, 42714, Note_off_c, 1, 72, 127
2, 42720, Note_on_c, 1, 72, 110
2, 42954, Note_off_c, 1, 72, 127
2, 42960, Note_on_c, 1, 72, 110
2, 43194, Note_off_c, 1, 72, 127
2, 43200, Note_on_c, 1, 76, 110
2, 43434, Note_off_c, 1, 76, 127
2, 43440, Note_on_c, 1, 75, 110
2, 43674, Note_off_c, 1, 75, 127
2, 43680, Note_on_c, 1, 74, 110
2, 43914, Note_off_c, 1, 74, 127
2, 43920, Note_on_c, 1, 72, 110
2, 44154, Note_off_c, 1, 72, 127
2, 44160, Note_on_c, 1, 69, 110
2, 45480, Note_off_c, 1, 69, 127
2, 46080, Note_on_c, 1, 72, 110
2, 46920, Note_off_c, 1, 72, 127
2, 47280, Note_on_c, 1, 71, 110
2, 47754, Note_off_c, 1, 71, 127
2, 47760, Note_on_c, 1, 67, 110
2, 47994, Note_off_c, 1, 67, 127
2, 48000, Note_on_c, 1, 69, 110
2, 48840, Note_off_c, 1, 69, 127
2, 49200, Note_on_c, 1, 69, 110
2, 49434, Note_off_c, 1, 69, 127
2, 49440, Note_on_c, 1, 71, 110
2, 49840, Note_off_c, 1, 71, 127
2, 49920, Note_on_c, 1, 72, 110
2, 50760, Note_off_c, 1, 72, 127
2, 51120, Note_on_c, 1, 71, 110
2, 51594, Note_off_c, 1, 71, 127
2, 51600, Note_on_c, 1, 67, 110
2, 51834, Note_off_c, 1, 67, 127
2, 51840, Note_on_c, 1, 69, 110
2, 52240, Note_off_c, 1, 69, 127
2, 52320, Note_on_c, 1, 71, 110
2, 52554, Note_off_c, 1, 71, 127
2, 52560, Note_on_c, 1, 68, 110
2, 53640, Note_off_c, 1, 68, 127
2, 53760, Note_on_c, 1, 72, 110
2, 54600, Note_off_c, 1, 72, 127
2, 54960, Note_on_c, 1, 71, 110
2, 55434, Note_off_c, 1, 71, 127
2, 55440, Note_on_c, 1, 67, 110
2, 55674, Note_off_c, 1, 67, 127
2, 55680, Note_on_c, 1, 69, 110
2, 56520, Note_off_c, 1, 69, 127
2, 56880, Note_on_c, 1, 59, 110
2, 57114, Note_off_c, 1, 59, 127
2, 57120, Note_on_c, 1, 60, 110
2, 57354, Note_off_c, 1, 60, 127
2, 57360, Note_on_c, 1, 62, 110
2, 57594, Note_off_c, 1, 62, 127
2, 57600, Note_on_c, 1, 64, 110
2, 57834, Note_off_c, 1, 64, 127
2, 57840, Note_on_c, 1, 72, 110
2, 58314, Note_off_c, 1, 72, 127
2, 58320, Note_on_c, 1, 72, 110
2, 58554, Note_off_c, 1, 72, 127
2, 58560, Note_on_c, 1, 74, 110
2, 58794, Note_off_c, 1, 74, 127
2, 58800, Note_on_c, 1, 71, 110
2, 59274, Note_off_c, 1, 71, 127
2, 59280, Note_on_c, 1, 74, 110
2, 59514, Note_off_c, 1, 74, 127
2, 59520, Note_on_c, 1, 72, 110
2, 60840, Note_off_c, 1, 72, 127
2, 61440, Note_on_c, 1, 72, 110
2, 61674, Note_off_c, 1, 72, 127
2, 61680, Note_on_c, 1, 64, 110
2, 62154, Note_off_c, 1, 64, 127
2, 62160, Note_on_c, 1, 65, 110
2, 62274, Note_off_c, 1, 65, 127
2, 62280, Note_on_c, 1, 64, 110
2, 62394, Note_off_c, 1, 64, 127
2, 62400, Note_on_c, 1, 71, 110
2, 62634, Note_off_c, 1, 71, 127
2, 62640, Note_on_c, 1, 64, 110
2, 63114, Note_off_c, 1, 64, 127
2, 63120, Note_on_c, 1, 65, 110
2, 63234, Note_off_c, 1, 65, 127
2, 63240, Note_on_c, 1, 64, 110
2, 63354, Note_off_c, 1, 64, 127
2, 63360, Note_on_c, 1, 69, 110
2, 63594, Note_off_c, 1, 69, 127
2, 63600, Note_on_c, 1, 60, 110
2, 64074, Note_off_c, 1, 60, 127
2, 64080, Note_on_c, 1, 62, 110
2, 64194, Note_off_c, 1, 62, 127
2, 64200, Note_on_c, 1, 60, 110
2, 64314, Note_off_c, 1, 60, 127
2, 64320, Note_on_c, 1, 69, 110
2, 64720, Note_off_c, 1, 69, 127
2, 64800, Note_on_c, 1, 71, 110
2, 65200, Note_off_c, 1, 71, 127
2, 65280, Note_on_c, 1, 72, 110
2, 65514, Note_off_c, 1, 72, 127
2, 65520, Note_on_c, 1, 64, 110
2, 65994, Note_off_c, 1, 64, 127
2, 66000, Note_on_c, 1, 65, 110
2, 66114, Note_off_c, 1, 65, 127
2, 66120, Note_on_c, 1, 64, 110
2, 66234, Note_off_c, 1, 64, 127
2, 66240, Note_on_c, 1, 71, 110
2, 66474, Note_off_c, 1, 71, 127
2, 66480, Note_on_c, 1, 64, 110
2, 66954, Note_off_c, 1, 64, 127
2, 66960, Note_on_c, 1, 65, 110
2, 67074, Note_off_c, 1, 65, 127
2, 67080, Note_on_c, 1, 64, 110
2, 67194, Note_off_c, 1, 64, 127
2, 67200, Note_on_c, 1, 69, 110
2, 67434, Note_off_c, 1, 69, 127
2, 67440, Note_on_c, 1, 60, 110
2, 67914, Note_off_c, 1, 60, 127
2, 67920, Note_on_c, 1, 62, 110
2, 68034, Note_off_c, 1, 62, 127
2, 68040, Note_on_c, 1, 60, 110
2, 68154, Note_off_c, 1, 60, 127
2, 68160, Note_on_c, 1, 69, 110
2, 68274, Note_off_c, 1, 69, 127
2, 68280, Note_on_c, 1, 60, 110
2, 68394, Note_off_c, 1, 60, 127
2, 68400, Note_on_c, 1, 65, 110
2, 68514, Note_off_c, 1, 65, 127
2, 68520, Note_on_c, 1, 69, 110
2, 68634, Note_off_c, 1, 69, 127
2, 68640, Note_on_c, 1, 72, 110
2, 68754, Note_off_c, 1, 72, 127
2, 68760, Note_on_c, 1, 69, 110
2, 68874, Note_off_c, 1, 69, 127
2, 68880, Note_on_c, 1, 72, 110
2, 68994, Note_off_c, 1, 72, 127
2, 69000, Note_on_c, 1, 74, 110
2, 69114, Note_off_c, 1, 74, 127
2, 76800, Note_on_c, 1, 72, 110
2, 77034, Note_off_c, 1, 72, 127
2, 77040, Note_on_c, 1, 72, 110
2, 77274, Note_off_c, 1, 72, 127
2, 77280, Note_on_c, 1, 72, 110
2, 77514, Note_off_c, 1, 72, 127
2, 77520, Note_on_c, 1, 72, 110
2, 77754, Note_off_c, 1, 72, 127
2, 77760, Note_on_c, 1, 71, 110
2, 77994, Note_off_c, 1, 71, 127
2, 78000, Note_on_c, 1, 76, 110
2, 78474, Note_off_c, 1, 76, 127
2, 78480, Note_on_c, 1, 74, 110
2, 78714, Note_off_c, 1, 74, 127
2, 78720, Note_on_c, 1, 74, 110
2, 78954, Note_off_c, 1, 74, 127
2, 78960, Note_on_c, 1, 72, 110
2, 80040, Note_off_c, 1, 72, 127
2, 84480, Note_on_c, 1, 72, 110
2, 84714, Note_off_c, 1, 72, 127
2, 84720, Note_on_c, 1, 72, 110
2, 84954, Note_off_c, 1, 72, 127
2, 84960, Note_on_c, 1, 72, 110
2, 85194, Note_off_c, 1, 72, 127
2, 85200, Note_on_c, 1, 72, 110
2, 85434, Note_off_c, 1, 72, 127
2, 85440, Note_on_c, 1, 76, 110
2, 85674, Note_off_c, 1, 76, 127
2, 85680, Note_on_c, 1, 75, 110
2, 85914, Note_off_c, 1, 75, 127
2, 85920, Note_on_c, 1, 74, 110
2, 86154, Note_off_c, 1, 74, 127
2, 86160, Note_on_c, 1, 72, 110
2, 86394, Note_off_c, 1, 72, 127
2, 86400, Note_on_c, 1, 69, 110
2, 87720, Note_off_c, 1, 69, 127
2, 88320, End_track
3, 0, Start_track
3, 0, Title_t, "Staff-4"
3, 3840, Note_on_c, 2, 45, 110
3, 3840, Control_c, 2, 91, 0
3, 3840, Control_c, 2, 7, 127
3, 3840, Control_c, 2, 93, 0
3, 3840, Control_c, 2, 10, 64
3, 3840, Control_c, 2, 121, 0
3, 3840, Program_c, 2, 43
3, 3840, Control_c, 2, 32, 0
3, 3840, Control_c, 2, 0, 0
3, 4680, Note_off_c, 2, 45, 127
3, 4800, Note_on_c, 2, 43, 110
3, 5640, Note_off_c, 2, 43, 127
3, 5760, Note_on_c, 2, 41, 110
3, 6600, Note_off_c, 2, 41, 127
3, 6720, Note_on_c, 2, 43, 110
3, 7560, Note_off_c, 2, 43, 127
3, 7680, Note_on_c, 2, 45, 110
3, 8520, Note_off_c, 2, 45, 127
3, 8640, Note_on_c, 2, 43, 110
3, 9480, Note_off_c, 2, 43, 127
3, 9600, Note_on_c, 2, 41, 110
3, 10440, Note_off_c, 2, 41, 127
3, 10560, Note_on_c, 2, 40, 110
3, 11400, Note_off_c, 2, 40, 127
3, 11520, Note_on_c, 2, 45, 110
3, 12360, Note_off_c, 2, 45, 127
3, 12480, Note_on_c, 2, 43, 110
3, 13320, Note_off_c, 2, 43, 127
3, 13440, Note_on_c, 2, 41, 110
3, 14280, Note_off_c, 2, 41, 127
3, 14400, Note_on_c, 2, 43, 110
3, 15240, Note_off_c, 2, 43, 127
3, 15360, Note_on_c, 2, 45, 110
3, 16200, Note_off_c, 2, 45, 127
3, 16320, Note_on_c, 2, 43, 110
3, 17160, Note_off_c, 2, 43, 127
3, 17280, Note_on_c, 2, 41, 110
3, 18120, Note_off_c, 2, 41, 127
3, 18240, Note_on_c, 2, 40, 110
3, 19080, Note_off_c, 2, 40, 127
3, 19200, Note_on_c, 2, 45, 110
3, 19600, Note_off_c, 2, 45, 127
3, 19680, Note_on_c, 2, 57, 110
3, 19914, Note_off_c, 2, 57, 127
3, 19920, Note_on_c, 2, 45, 110
3, 20154, Note_off_c, 2, 45, 127
3, 20160, Note_on_c, 2, 43, 110
3, 20560, Note_off_c, 2, 43, 127
3, 20640, Note_on_c, 2, 55, 110
3, 20874, Note_off_c, 2, 55, 127
3, 20880, Note_on_c, 2, 43, 110
3, 21114, Note_off_c, 2, 43, 127
3, 21120, Note_on_c, 2, 41, 110
3, 21520, Note_off_c, 2, 41, 127
3, 21600, Note_on_c, 2, 53, 110
3, 21834, Note_off_c, 2, 53, 127
3, 21840, Note_on_c, 2, 41, 110
3, 22074, Note_off_c, 2, 41, 127
3, 22080, Note_on_c, 2, 41, 110
3, 22480, Note_off_c, 2, 41, 127
3, 22560, Note_on_c, 2, 50, 110
3, 22794, Note_off_c, 2, 50, 127
3, 22800, Note_on_c, 2, 47, 110
3, 23034, Note_off_c, 2, 47, 127
3, 23040, Note_on_c, 2, 45, 110
3, 23440, Note_off_c, 2, 45, 127
3, 23520, Note_on_c, 2, 57, 110
3, 23754, Note_off_c, 2, 57, 127
3, 23760, Note_on_c, 2, 45, 110
3, 23994, Note_off_c, 2, 45, 127
3, 24000, Note_on_c, 2, 43, 110
3, 24400, Note_off_c, 2, 43, 127
3, 24480, Note_on_c, 2, 55, 110
3, 24714, Note_off_c, 2, 55, 127
3, 24720, Note_on_c, 2, 43, 110
3, 24954, Note_off_c, 2, 43, 127
3, 24960, Note_on_c, 2, 41, 110
3, 25360, Note_off_c, 2, 41, 127
3, 25440, Note_on_c, 2, 53, 110
3, 25674, Note_off_c, 2, 53, 127
3, 25680, Note_on_c, 2, 41, 110
3, 25914, Note_off_c, 2, 41, 127
3, 25920, Note_on_c, 2, 41, 110
3, 26320, Note_off_c, 2, 41, 127
3, 26400, Note_on_c, 2, 41, 110
3, 26634, Note_off_c, 2, 41, 127
3, 26640, Note_on_c, 2, 43, 110
3, 26874, Note_off_c, 2, 43, 127
3, 26880, Note_on_c, 2, 48, 110
3, 27280, Note_off_c, 2, 48, 127
3, 27360, Note_on_c, 2, 43, 110
3, 27594, Note_off_c, 2, 43, 127
3, 27600, Note_on_c, 2, 48, 110
3, 27834, Note_off_c, 2, 48, 127
3, 27840, Note_on_c, 2, 47, 110
3, 28240, Note_off_c, 2, 47, 127
3, 28320, Note_on_c, 2, 43, 110
3, 28554, Note_off_c, 2, 43, 127
3, 28560, Note_on_c, 2, 47, 110
3, 28794, Note_off_c, 2, 47, 127
3, 28800, Note_on_c, 2, 45, 110
3, 29200, Note_off_c, 2, 45, 127
3, 29280, Note_on_c, 2, 41, 110
3, 29514, Note_off_c, 2, 41, 127
3, 29520, Note_on_c, 2, 45, 110
3, 29754, Note_off_c, 2, 45, 127
3, 29760, Note_on_c, 2, 45, 110
3, 29994, Note_off_c, 2, 45, 127
3, 30000, Note_on_c, 2, 43, 110
3, 30234, Note_off_c, 2, 43, 127
3, 30240, Note_on_c, 2, 45, 110
3, 30474, Note_off_c, 2, 45, 127
3, 30480, Note_on_c, 2, 47, 110
3, 30714, Note_off_c, 2, 47, 127
3, 30720, Note_on_c, 2, 45, 110
3, 31560, Note_off_c, 2, 45, 127
3, 31680, Note_on_c, 2, 43, 110
3, 32520, Note_off_c, 2, 43, 127
3, 32640, Note_on_c, 2, 41, 110
3, 33480, Note_off_c, 2, 41, 127
3, 33600, Note_on_c, 2, 40, 110
3, 33834, Note_off_c, 2, 40, 127
3, 33840, Note_on_c, 2, 44, 110
3, 34074, Note_off_c, 2, 44, 127
3, 34080, Note_on_c, 2, 45, 110
3, 34314, Note_off_c, 2, 45, 127
3, 34320, Note_on_c, 2, 47, 110
3, 34554, Note_off_c, 2, 47, 127
3, 34560, Note_on_c, 2, 45, 110
3, 35400, Note_off_c, 2, 45, 127
3, 35520, Note_on_c, 2, 43, 110
3, 36360, Note_off_c, 2, 43, 127
3, 36480, Note_on_c, 2, 41, 110
3, 37320, Note_off_c, 2, 41, 127
3, 37440, Note_on_c, 2, 43, 110
3, 38280, Note_off_c, 2, 43, 127
3, 38400, Note_on_c, 2, 45, 110
3, 39240, Note_off_c, 2, 45, 127
3, 39360, Note_on_c, 2, 43, 110
3, 40200, Note_off_c, 2, 43, 127
3, 40320, Note_on_c, 2, 41, 110
3, 41160, Note_off_c, 2, 41, 127
3, 41280, Note_on_c, 2, 40, 110
3, 41514, Note_off_c, 2, 40, 127
3, 41520, Note_on_c, 2, 44, 110
3, 41754, Note_off_c, 2, 44, 127
3, 41760, Note_on_c, 2, 45, 110
3, 41994, Note_off_c, 2, 45, 127
3, 42000, Note_on_c, 2, 47, 110
3, 42234, Note_off_c, 2, 47, 127
3, 42240, Note_on_c, 2, 45, 110
3, 43080, Note_off_c, 2, 45, 127
3, 43200, Note_on_c, 2, 44, 110
3, 43840, Note_off_c, 2, 44, 127
3, 43920, Note_on_c, 2, 40, 110
3, 44154, Note_off_c, 2, 40, 127
3, 44160, Note_on_c, 2, 45, 110
3, 45480, Note_off_c, 2, 45, 127
3, 46080, Note_on_c, 2, 45, 110
3, 46920, Note_off_c, 2, 45, 127
3, 47040, Note_on_c, 2, 43, 110
3, 47880, Note_off_c, 2, 43, 127
3, 48000, Note_on_c, 2, 41, 110
3, 48840, Note_off_c, 2, 41, 127
3, 48960, Note_on_c, 2, 43, 110
3, 49800, Note_off_c, 2, 43, 127
3, 49920, Note_on_c, 2, 45, 110
3, 50760, Note_off_c, 2, 45, 127
3, 50880, Note_on_c, 2, 43, 110
3, 51720, Note_off_c, 2, 43, 127
3, 51840, Note_on_c, 2, 41, 110
3, 52680, Note_off_c, 2, 41, 127
3, 52800, Note_on_c, 2, 40, 110
3, 53640, Note_off_c, 2, 40, 127
3, 53760, Note_on_c, 2, 45, 110
3, 54600, Note_off_c, 2, 45, 127
3, 54720, Note_on_c, 2, 43, 110
3, 55560, Note_off_c, 2, 43, 127
3, 55680, Note_on_c, 2, 41, 110
3, 56520, Note_off_c, 2, 41, 127
3, 56640, Note_on_c, 2, 43, 110
3, 57480, Note_off_c, 2, 43, 127
3, 57600, Note_on_c, 2, 45, 110
3, 58440, Note_off_c, 2, 45, 127
3, 58560, Note_on_c, 2, 43, 110
3, 59400, Note_off_c, 2, 43, 127
3, 59520, Note_on_c, 2, 41, 110
3, 60360, Note_off_c, 2, 41, 127
3, 60480, Note_on_c, 2, 40, 110
3, 61320, Note_off_c, 2, 40, 127
3, 61440, Note_on_c, 2, 45, 110
3, 61840, Note_off_c, 2, 45, 127
3, 61920, Note_on_c, 2, 57, 110
3, 62154, Note_off_c, 2, 57, 127
3, 62160, Note_on_c, 2, 45, 110
3, 62394, Note_off_c, 2, 45, 127
3, 62400, Note_on_c, 2, 43, 110
3, 62800, Note_off_c, 2, 43, 127
3, 62880, Note_on_c, 2, 55, 110
3, 63114, Note_off_c, 2, 55, 127
3, 63120, Note_on_c, 2, 43, 110
3, 63354, Note_off_c, 2, 43, 127
3, 63360, Note_on_c, 2, 41, 110
3, 63760, Note_off_c, 2, 41, 127
3, 63840, Note_on_c, 2, 53, 110
3, 64074, Note_off_c, 2, 53, 127
3, 64080, Note_on_c, 2, 41, 110
3, 64314, Note_off_c, 2, 41, 127
3, 64320, Note_on_c, 2, 41, 110
3, 64720, Note_off_c, 2, 41, 127
3, 64800, Note_on_c, 2, 50, 110
3, 65034, Note_off_c, 2, 50, 127
3, 65040, Note_on_c, 2, 47, 110
3, 65274, Note_off_c, 2, 47, 127
3, 65280, Note_on_c, 2, 45, 110
3, 65680, Note_off_c, 2, 45, 127
3, 65760, Note_on_c, 2, 57, 110
3, 65994, Note_off_c, 2, 57, 127
3, 66000, Note_on_c, 2, 45, 110
3, 66234, Note_off_c, 2, 45, 127
3, 66240, Note_on_c, 2, 43, 110
3, 66640, Note_off_c, 2, 43, 127
3, 66720, Note_on_c, 2, 55, 110
3, 66954, Note_off_c, 2, 55, 127
3, 66960, Note_on_c, 2, 43, 110
3, 67194, Note_off_c, 2, 43, 127
3, 67200, Note_on_c, 2, 41, 110
3, 67600, Note_off_c, 2, 41, 127
3, 67680, Note_on_c, 2, 53, 110
3, 67914, Note_off_c, 2, 53, 127
3, 67920, Note_on_c, 2, 41, 110
3, 68154, Note_off_c, 2, 41, 127
3, 68160, Note_on_c, 2, 41, 110
3, 68560, Note_off_c, 2, 41, 127
3, 68640, Note_on_c, 2, 41, 110
3, 68874, Note_off_c, 2, 41, 127
3, 68880, Note_on_c, 2, 43, 110
3, 69114, Note_off_c, 2, 43, 127
3, 69120, Note_on_c, 2, 48, 110
3, 69520, Note_off_c, 2, 48, 127
3, 69600, Note_on_c, 2, 43, 110
3, 69834, Note_off_c, 2, 43, 127
3, 69840, Note_on_c, 2, 48, 110
3, 70074, Note_off_c, 2, 48, 127
3, 70080, Note_on_c, 2, 47, 110
3, 70480, Note_off_c, 2, 47, 127
3, 70560, Note_on_c, 2, 43, 110
3, 70794, Note_off_c, 2, 43, 127
3, 70800, Note_on_c, 2, 47, 110
3, 71034, Note_off_c, 2, 47, 127
3, 71040, Note_on_c, 2, 45, 110
3, 71440, Note_off_c, 2, 45, 127
3, 71520, Note_on_c, 2, 41, 110
3, 71754, Note_off_c, 2, 41, 127
3, 71760, Note_on_c, 2, 45, 110
3, 71994, Note_off_c, 2, 45, 127
3, 72000, Note_on_c, 2, 45, 110
3, 72234, Note_off_c, 2, 45, 127
3, 72240, Note_on_c, 2, 43, 110
3, 72474, Note_off_c, 2, 43, 127
3, 72480, Note_on_c, 2, 45, 110
3, 72714, Note_off_c, 2, 45, 127
3, 72720, Note_on_c, 2, 47, 110
3, 72954, Note_off_c, 2, 47, 127
3, 72960, Note_on_c, 2, 45, 110
3, 73800, Note_off_c, 2, 45, 127
3, 73920, Note_on_c, 2, 43, 110
3, 74760, Note_off_c, 2, 43, 127
3, 74880, Note_on_c, 2, 41, 110
3, 75720, Note_off_c, 2, 41, 127
3, 75840, Note_on_c, 2, 40, 110
3, 76074, Note_off_c, 2, 40, 127
3, 76080, Note_on_c, 2, 44, 110
3, 76314, Note_off_c, 2, 44, 127
3, 76320, Note_on_c, 2, 45, 110
3, 76554, Note_off_c, 2, 45, 127
3, 76560, Note_on_c, 2, 47, 110
3, 76794, Note_off_c, 2, 47, 127
3, 76800, Note_on_c, 2, 45, 110
3, 77640, Note_off_c, 2, 45, 127
3, 77760, Note_on_c, 2, 43, 110
3, 78600, Note_off_c, 2, 43, 127
3, 78720, Note_on_c, 2, 41, 110
3, 79560, Note_off_c, 2, 41, 127
3, 79680, Note_on_c, 2, 43, 110
3, 80520, Note_off_c, 2, 43, 127
3, 80640, Note_on_c, 2, 45, 110
3, 81480, Note_off_c, 2, 45, 127
3, 81600, Note_on_c, 2, 43, 110
3, 82440, Note_off_c, 2, 43, 127
3, 82560, Note_on_c, 2, 41, 110
3, 83400, Note_off_c, 2, 41, 127
3, 83520, Note_on_c, 2, 40, 110
3, 83754, Note_off_c, 2, 40, 127
3, 83760, Note_on_c, 2, 44, 110
3, 83994, Note_off_c, 2, 44, 127
3, 84000, Note_on_c, 2, 45, 110
3, 84234, Note_off_c, 2, 45, 127
3, 84240, Note_on_c, 2, 47, 110
3, 84474, Note_off_c, 2, 47, 127
3, 84480, Note_on_c, 2, 45, 110
3, 85320, Note_off_c, 2, 45, 127
3, 85440, Note_on_c, 2, 44, 110
3, 86080, Note_off_c, 2, 44, 127
3, 86160, Note_on_c, 2, 40, 110
3, 86394, Note_off_c, 2, 40, 127
3, 86400, Note_on_c, 2, 45, 110
3, 87720, Note_off_c, 2, 45, 127
3, 88320, End_track
4, 0, Start_track
4, 0, Title_t, "Staff"
4, 0, Control_c, 3, 0, 0
4, 0, Control_c, 3, 10, 64
4, 0, Control_c, 3, 121, 0
4, 0, Program_c, 3, 40
4, 0, Control_c, 3, 7, 127
4, 0, Control_c, 3, 91, 0
4, 0, Control_c, 3, 10, 64
4, 0, Control_c, 3, 32, 0
4, 0, Control_c, 3, 7, 127
4, 0, Control_c, 3, 93, 0
4, 26880, Note_on_c, 3, 77, 110
4, 27114, Note_off_c, 3, 77, 127
4, 27120, Note_on_c, 3, 76, 110
4, 27594, Note_off_c, 3, 76, 127
4, 27600, Note_on_c, 3, 77, 110
4, 27714, Note_off_c, 3, 77, 127
4, 27720, Note_on_c, 3, 76, 110
4, 27834, Note_off_c, 3, 76, 127
4, 27840, Note_on_c, 3, 76, 110
4, 28074, Note_off_c, 3, 76, 127
4, 28080, Note_on_c, 3, 74, 110
4, 28554, Note_off_c, 3, 74, 127
4, 28560, Note_on_c, 3, 76, 110
4, 28674, Note_off_c, 3, 76, 127
4, 28680, Note_on_c, 3, 74, 110
4, 28794, Note_off_c, 3, 74, 127
4, 28800, Note_on_c, 3, 74, 110
4, 29034, Note_off_c, 3, 74, 127
4, 29040, Note_on_c, 3, 72, 110
4, 29514, Note_off_c, 3, 72, 127
4, 29520, Note_on_c, 3, 74, 110
4, 29634, Note_off_c, 3, 74, 127
4, 29640, Note_on_c, 3, 72, 110
4, 29754, Note_off_c, 3, 72, 127
4, 29760, Note_on_c, 3, 72, 110
4, 30400, Note_off_c, 3, 72, 127
4, 30480, Note_on_c, 3, 71, 110
4, 30714, Note_off_c, 3, 71, 127
4, 30720, Note_on_c, 3, 72, 110
4, 30954, Note_off_c, 3, 72, 127
4, 30960, Note_on_c, 3, 72, 110
4, 31194, Note_off_c, 3, 72, 127
4, 31200, Note_on_c, 3, 72, 110
4, 31434, Note_off_c, 3, 72, 127
4, 31440, Note_on_c, 3, 72, 110
4, 31674, Note_off_c, 3, 72, 127
4, 31680, Note_on_c, 3, 71, 110
4, 31914, Note_off_c, 3, 71, 127
4, 31920, Note_on_c, 3, 67, 110
4, 32394, Note_off_c, 3, 67, 127
4, 32400, Note_on_c, 3, 69, 110
4, 32874, Note_off_c, 3, 69, 127
4, 32880, Note_on_c, 3, 65, 110
4, 33114, Note_off_c, 3, 65, 127
4, 33120, Note_on_c, 3, 67, 110
4, 33354, Note_off_c, 3, 67, 127
4, 33360, Note_on_c, 3, 69, 110
4, 33594, Note_off_c, 3, 69, 127
4, 33600, Note_on_c, 3, 70, 110
4, 33834, Note_off_c, 3, 70, 127
4, 33840, Note_on_c, 3, 71, 110
4, 34480, Note_off_c, 3, 71, 127
4, 38400, Note_on_c, 3, 72, 110
4, 38634, Note_off_c, 3, 72, 127
4, 38640, Note_on_c, 3, 72, 110
4, 38874, Note_off_c, 3, 72, 127
4, 38880, Note_on_c, 3, 72, 110
4, 39114, Note_off_c, 3, 72, 127
4, 39120, Note_on_c, 3, 72, 110
4, 39354, Note_off_c, 3, 72, 127
4, 39360, Note_on_c, 3, 71, 110
4, 39594, Note_off_c, 3, 71, 127
4, 39600, Note_on_c, 3, 67, 110
4, 40074, Note_off_c, 3, 67, 127
4, 40080, Note_on_c, 3, 69, 110
4, 40554, Note_off_c, 3, 69, 127
4, 40560, Note_on_c, 3, 65, 110
4, 40794, Note_off_c, 3, 65, 127
4, 40800, Note_on_c, 3, 67, 110
4, 41034, Note_off_c, 3, 67, 127
4, 41040, Note_on_c, 3, 69, 110
4, 41274, Note_off_c, 3, 69, 127
4, 41280, Note_on_c, 3, 70, 110
4, 41514, Note_off_c, 3, 70, 127
4, 41520, Note_on_c, 3, 71, 110
4, 42160, Note_off_c, 3, 71, 127
4, 69120, Note_on_c, 3, 77, 110
4, 69354, Note_off_c, 3, 77, 127
4, 69360, Note_on_c, 3, 76, 110
4, 69834, Note_off_c, 3, 76, 127
4, 69840, Note_on_c, 3, 77, 110
4, 69954, Note_off_c, 3, 77, 127
4, 69960, Note_on_c, 3, 76, 110
4, 70074, Note_off_c, 3, 76, 127
4, 70080, Note_on_c, 3, 76, 110
4, 70314, Note_off_c, 3, 76, 127
4, 70320, Note_on_c, 3, 74, 110
4, 70794, Note_off_c, 3, 74, 127
4, 70800, Note_on_c, 3, 76, 110
4, 70914, Note_off_c, 3, 76, 127
4, 70920, Note_on_c, 3, 74, 110
4, 71034, Note_off_c, 3, 74, 127
4, 71040, Note_on_c, 3, 74, 110
4, 71274, Note_off_c, 3, 74, 127
4, 71280, Note_on_c, 3, 72, 110
4, 71754, Note_off_c, 3, 72, 127
4, 71760, Note_on_c, 3, 74, 110
4, 71874, Note_off_c, 3, 74, 127
4, 71880, Note_on_c, 3, 72, 110
4, 71994, Note_off_c, 3, 72, 127
4, 72000, Note_on_c, 3, 72, 110
4, 72640, Note_off_c, 3, 72, 127
4, 72720, Note_on_c, 3, 71, 110
4, 72954, Note_off_c, 3, 71, 127
4, 72960, Note_on_c, 3, 72, 110
4, 73194, Note_off_c, 3, 72, 127
4, 73200, Note_on_c, 3, 72, 110
4, 73434, Note_off_c, 3, 72, 127
4, 73440, Note_on_c, 3, 72, 110
4, 73674, Note_off_c, 3, 72, 127
4, 73680, Note_on_c, 3, 72, 110
4, 73914, Note_off_c, 3, 72, 127
4, 73920, Note_on_c, 3, 71, 110
4, 74154, Note_off_c, 3, 71, 127
4, 74160, Note_on_c, 3, 67, 110
4, 74634, Note_off_c, 3, 67, 127
4, 74640, Note_on_c, 3, 69, 110
4, 75114, Note_off_c, 3, 69, 127
4, 75120, Note_on_c, 3, 65, 110
4, 75354, Note_off_c, 3, 65, 127
4, 75360, Note_on_c, 3, 67, 110
4, 75594, Note_off_c, 3, 67, 127
4, 75600, Note_on_c, 3, 69, 110
4, 75834, Note_off_c, 3, 69, 127
4, 75840, Note_on_c, 3, 70, 110
4, 76074, Note_off_c, 3, 70, 127
4, 76080, Note_on_c, 3, 71, 110
4, 76720, Note_off_c, 3, 71, 127
4, 80640, Note_on_c, 3, 72, 110
4, 80874, Note_off_c, 3, 72, 127
4, 80880, Note_on_c, 3, 72, 110
4, 81114, Note_off_c, 3, 72, 127
4, 81120, Note_on_c, 3, 72, 110
4, 81354, Note_off_c, 3, 72, 127
4, 81360, Note_on_c, 3, 72, 110
4, 81594, Note_off_c, 3, 72, 127
4, 81600, Note_on_c, 3, 71, 110
4, 81834, Note_off_c, 3, 71, 127
4, 81840, Note_on_c, 3, 67, 110
4, 82314, Note_off_c, 3, 67, 127
4, 82320, Note_on_c, 3, 69, 110
4, 82794, Note_off_c, 3, 69, 127
4, 82800, Note_on_c, 3, 65, 110
4, 83034, Note_off_c, 3, 65, 127
4, 83040, Note_on_c, 3, 67, 110
4, 83274, Note_off_c, 3, 67, 127
4, 83280, Note_on_c, 3, 69, 110
4, 83514, Note_off_c, 3, 69, 127
4, 83520, Note_on_c, 3, 70, 110
4, 83754, Note_off_c, 3, 70, 127
4, 83760, Note_on_c, 3, 71, 110
4, 84400, Note_off_c, 3, 71, 127
4, 88320, End_track
5, 0, Start_track
5, 0, Title_t, "Â\203tÂ\203@Â\203~Â\203RÂ\203Â\223Â\222TÂ\222Ã£Â\213Ã¤Â\212yÂ\225Â\224Â\201@Â\203Â\201"
5, 3840, Note_on_c, 4, 60, 110
5, 3840, Control_c, 4, 91, 0
5, 3840, Control_c, 4, 7, 127
5, 3840, Control_c, 4, 93, 0
5, 3840, Control_c, 4, 10, 64
5, 3840, Control_c, 4, 121, 0
5, 3840, Program_c, 4, 40
5, 3840, Control_c, 4, 32, 0
5, 3840, Control_c, 4, 0, 0
5, 4680, Note_off_c, 4, 60, 127
5, 5040, Note_on_c, 4, 59, 110
5, 5514, Note_off_c, 4, 59, 127
5, 5520, Note_on_c, 4, 55, 110
5, 5754, Note_off_c, 4, 55, 127
5, 5760, Note_on_c, 4, 57, 110
5, 6600, Note_off_c, 4, 57, 127
5, 6960, Note_on_c, 4, 57, 110
5, 7194, Note_off_c, 4, 57, 127
5, 7200, Note_on_c, 4, 59, 110
5, 7600, Note_off_c, 4, 59, 127
5, 7680, Note_on_c, 4, 60, 110
5, 8520, Note_off_c, 4, 60, 127
5, 8880, Note_on_c, 4, 59, 110
5, 9354, Note_off_c, 4, 59, 127
5, 9360, Note_on_c, 4, 55, 110
5, 9594, Note_off_c, 4, 55, 127
5, 9600, Note_on_c, 4, 57, 110
5, 10000, Note_off_c, 4, 57, 127
5, 10080, Note_on_c, 4, 59, 110
5, 10314, Note_off_c, 4, 59, 127
5, 10320, Note_on_c, 4, 56, 110
5, 11400, Note_off_c, 4, 56, 127
5, 11520, Note_on_c, 4, 60, 110
5, 12360, Note_off_c, 4, 60, 127
5, 12720, Note_on_c, 4, 59, 110
5, 13194, Note_off_c, 4, 59, 127
5, 13200, Note_on_c, 4, 55, 110
5, 13434, Note_off_c, 4, 55, 127
5, 13440, Note_on_c, 4, 57, 110
5, 14280, Note_off_c, 4, 57, 127
5, 14640, Note_on_c, 4, 47, 110
5, 14874, Note_off_c, 4, 47, 127
5, 14880, Note_on_c, 4, 48, 110
5, 15114, Note_off_c, 4, 48, 127
5, 15120, Note_on_c, 4, 50, 110
5, 15354, Note_off_c, 4, 50, 127
5, 15360, Note_on_c, 4, 52, 110
5, 15594, Note_off_c, 4, 52, 127
5, 15600, Note_on_c, 4, 60, 110
5, 16074, Note_off_c, 4, 60, 127
5, 16080, Note_on_c, 4, 60, 110
5, 16314, Note_off_c, 4, 60, 127
5, 16320, Note_on_c, 4, 62, 110
5, 16554, Note_off_c, 4, 62, 127
5, 16560, Note_on_c, 4, 59, 110
5, 17034, Note_off_c, 4, 59, 127
5, 17040, Note_on_c, 4, 62, 110
5, 17274, Note_off_c, 4, 62, 127
5, 17280, Note_on_c, 4, 60, 110
5, 18600, Note_off_c, 4, 60, 127
5, 19200, Note_on_c, 4, 60, 110
5, 19434, Note_off_c, 4, 60, 127
5, 19440, Note_on_c, 4, 52, 110
5, 19914, Note_off_c, 4, 52, 127
5, 19920, Note_on_c, 4, 53, 110
5, 20034, Note_off_c, 4, 53, 127
5, 20040, Note_on_c, 4, 52, 110
5, 20154, Note_off_c, 4, 52, 127
5, 20160, Note_on_c, 4, 59, 110
5, 20394, Note_off_c, 4, 59, 127
5, 20400, Note_on_c, 4, 52, 110
5, 20874, Note_off_c, 4, 52, 127
5, 20880, Note_on_c, 4, 53, 110
5, 20994, Note_off_c, 4, 53, 127
5, 21000, Note_on_c, 4, 52, 110
5, 21114, Note_off_c, 4, 52, 127
5, 21120, Note_on_c, 4, 57, 110
5, 21354, Note_off_c, 4, 57, 127
5, 21360, Note_on_c, 4, 48, 110
5, 21834, Note_off_c, 4, 48, 127
5, 21840, Note_on_c, 4, 50, 110
5, 21954, Note_off_c, 4, 50, 127
5, 21960, Note_on_c, 4, 48, 110
5, 22074, Note_off_c, 4, 48, 127
5, 22080, Note_on_c, 4, 57, 110
5, 22480, Note_off_c, 4, 57, 127
5, 22560, Note_on_c, 4, 59, 110
5, 22960, Note_off_c, 4, 59, 127
5, 23040, Note_on_c, 4, 60, 110
5, 23274, Note_off_c, 4, 60, 127
5, 23280, Note_on_c, 4, 52, 110
5, 23754, Note_off_c, 4, 52, 127
5, 23760, Note_on_c, 4, 53, 110
5, 23874, Note_off_c, 4, 53, 127
5, 23880, Note_on_c, 4, 52, 110
5, 23994, Note_off_c, 4, 52, 127
5, 24000, Note_on_c, 4, 59, 110
5, 24234, Note_off_c, 4, 59, 127
5, 24240, Note_on_c, 4, 52, 110
5, 24714, Note_off_c, 4, 52, 127
5, 24720, Note_on_c, 4, 53, 110
5, 24834, Note_off_c, 4, 53, 127
5, 24840, Note_on_c, 4, 52, 110
5, 24954, Note_off_c, 4, 52, 127
5, 24960, Note_on_c, 4, 57, 110
5, 25194, Note_off_c, 4, 57, 127
5, 25200, Note_on_c, 4, 48, 110
5, 25674, Note_off_c, 4, 48, 127
5, 25680, Note_on_c, 4, 50, 110
5, 25794, Note_off_c, 4, 50, 127
5, 25800, Note_on_c, 4, 48, 110
5, 25914, Note_off_c, 4, 48, 127
5, 25920, Note_on_c, 4, 57, 110
5, 26034, Note_off_c, 4, 57, 127
5, 26040, Note_on_c, 4, 48, 110
5, 26154, Note_off_c, 4, 48, 127
5, 26160, Note_on_c, 4, 53, 110
5, 26274, Note_off_c, 4, 53, 127
5, 26280, Note_on_c, 4, 57, 110
5, 26394, Note_off_c, 4, 57, 127
5, 26400, Note_on_c, 4, 60, 110
5, 26514, Note_off_c, 4, 60, 127
5, 26520, Note_on_c, 4, 57, 110
5, 26634, Note_off_c, 4, 57, 127
5, 26640, Note_on_c, 4, 60, 110
5, 26754, Note_off_c, 4, 60, 127
5, 26760, Note_on_c, 4, 62, 110
5, 26874, Note_off_c, 4, 62, 127
5, 26880, Note_on_c, 4, 65, 110
5, 27114, Note_off_c, 4, 65, 127
5, 27120, Note_on_c, 4, 64, 110
5, 27594, Note_off_c, 4, 64, 127
5, 27600, Note_on_c, 4, 65, 110
5, 27714, Note_off_c, 4, 65, 127
5, 27720, Note_on_c, 4, 64, 110
5, 27834, Note_off_c, 4, 64, 127
5, 27840, Note_on_c, 4, 64, 110
5, 28074, Note_off_c, 4, 64, 127
5, 28080, Note_on_c, 4, 62, 110
5, 28554, Note_off_c, 4, 62, 127
5, 28560, Note_on_c, 4, 64, 110
5, 28674, Note_off_c, 4, 64, 127
5, 28680, Note_on_c, 4, 62, 110
5, 28794, Note_off_c, 4, 62, 127
5, 28800, Note_on_c, 4, 62, 110
5, 29034, Note_off_c, 4, 62, 127
5, 29040, Note_on_c, 4, 60, 110
5, 29514, Note_off_c, 4, 60, 127
5, 29520, Note_on_c, 4, 62, 110
5, 29634, Note_off_c, 4, 62, 127
5, 29640, Note_on_c, 4, 60, 110
5, 29754, Note_off_c, 4, 60, 127
5, 29760, Note_on_c, 4, 60, 110
5, 30400, Note_off_c, 4, 60, 127
5, 30480, Note_on_c, 4, 59, 110
5, 30714, Note_off_c, 4, 59, 127
5, 30720, Note_on_c, 4, 60, 110
5, 30954, Note_off_c, 4, 60, 127
5, 30960, Note_on_c, 4, 60, 110
5, 31194, Note_off_c, 4, 60, 127
5, 31200, Note_on_c, 4, 60, 110
5, 31434, Note_off_c, 4, 60, 127
5, 31440, Note_on_c, 4, 60, 110
5, 31674, Note_off_c, 4, 60, 127
5, 31680, Note_on_c, 4, 59, 110
5, 31914, Note_off_c, 4, 59, 127
5, 31920, Note_on_c, 4, 55, 110
5, 32394, Note_off_c, 4, 55, 127
5, 32400, Note_on_c, 4, 57, 110
5, 32874, Note_off_c, 4, 57, 127
5, 32880, Note_on_c, 4, 53, 110
5, 33114, Note_off_c, 4, 53, 127
5, 33120, Note_on_c, 4, 55, 110
5, 33354, Note_off_c, 4, 55, 127
5, 33360, Note_on_c, 4, 57, 110
5, 33594, Note_off_c, 4, 57, 127
5, 33600, Note_on_c, 4, 58, 110
5, 33834, Note_off_c, 4, 58, 127
5, 33840, Note_on_c, 4, 59, 110
5, 34480, Note_off_c, 4, 59, 127
5, 34560, Note_on_c, 4, 60, 110
5, 34794, Note_off_c, 4, 60, 127
5, 34800, Note_on_c, 4, 60, 110
5, 35034, Note_off_c, 4, 60, 127
5, 35040, Note_on_c, 4, 60, 110
5, 35274, Note_off_c, 4, 60, 127
5, 35280, Note_on_c, 4, 60, 110
5, 35514, Note_off_c, 4, 60, 127
5, 35520, Note_on_c, 4, 59, 110
5, 35754, Note_off_c, 4, 59, 127
5, 35760, Note_on_c, 4, 64, 110
5, 36234, Note_off_c, 4, 64, 127
5, 36240, Note_on_c, 4, 62, 110
5, 36474, Note_off_c, 4, 62, 127
5, 36480, Note_on_c, 4, 62, 110
5, 36714, Note_off_c, 4, 62, 127
5, 36720, Note_on_c, 4, 60, 110
5, 37800, Note_off_c, 4, 60, 127
5, 38400, Note_on_c, 4, 60, 110
5, 38634, Note_off_c, 4, 60, 127
5, 38640, Note_on_c, 4, 60, 110
5, 38874, Note_off_c, 4, 60, 127
5, 38880, Note_on_c, 4, 60, 110
5, 39114, Note_off_c, 4, 60, 127
5, 39120, Note_on_c, 4, 60, 110
5, 39354, Note_off_c, 4, 60, 127
5, 39360, Note_on_c, 4, 59, 110
5, 39594, Note_off_c, 4, 59, 127
5, 39600, Note_on_c, 4, 55, 110
5, 40074, Note_off_c, 4, 55, 127
5, 40080, Note_on_c, 4, 57, 110
5, 40554, Note_off_c, 4, 57, 127
5, 40560, Note_on_c, 4, 53, 110
5, 40794, Note_off_c, 4, 53, 127
5, 40800, Note_on_c, 4, 55, 110
5, 41034, Note_off_c, 4, 55, 127
5, 41040, Note_on_c, 4, 57, 110
5, 41274, Note_off_c, 4, 57, 127
5, 41280, Note_on_c, 4, 58, 110
5, 41514, Note_off_c, 4, 58, 127
5, 41520, Note_on_c, 4, 59, 110
5, 42160, Note_off_c, 4, 59, 127
5, 42240, Note_on_c, 4, 60, 110
5, 42474, Note_off_c, 4, 60, 127
5, 42480, Note_on_c, 4, 60, 110
5, 42714, Note_off_c, 4, 60, 127
5, 42720, Note_on_c, 4, 60, 110
5, 42954, Note_off_c, 4, 60, 127
5, 42960, Note_on_c, 4, 60, 110
5, 43194, Note_off_c, 4, 60, 127
5, 43200, Note_on_c, 4, 64, 110
5, 43434, Note_off_c, 4, 64, 127
5, 43440, Note_on_c, 4, 63, 110
5, 43674, Note_off_c, 4, 63, 127
5, 43680, Note_on_c, 4, 62, 110
5, 43914, Note_off_c, 4, 62, 127
5, 43920, Note_on_c, 4, 60, 110
5, 44154, Note_off_c, 4, 60, 127
5, 44160, Note_on_c, 4, 57, 110
5, 45480, Note_off_c, 4, 57, 127
5, 46080, Note_on_c, 4, 60, 110
5, 46920, Note_off_c, 4, 60, 127
5, 47280, Note_on_c, 4, 59, 110
5, 47754, Note_off_c, 4, 59, 127
5, 47760, Note_on_c, 4, 55, 110
5, 47994, Note_off_c, 4, 55, 127
5, 48000, Note_on_c, 4, 57, 110
5, 48840, Note_off_c, 4, 57, 127
5, 49200, Note_on_c, 4, 57, 110
5, 49434, Note_off_c, 4, 57, 127
5, 49440, Note_on_c, 4, 59, 110
5, 49840, Note_off_c, 4, 59, 127
5, 49920, Note_on_c, 4, 60, 110
5, 50760, Note_off_c, 4, 60, 127
5, 51120, Note_on_c, 4, 59, 110
5, 51594, Note_off_c, 4, 59, 127
5, 51600, Note_on_c, 4, 55, 110
5, 51834, Note_off_c, 4, 55, 127
5, 51840, Note_on_c, 4, 57, 110
5, 52240, Note_off_c, 4, 57, 127
5, 52320, Note_on_c, 4, 59, 110
5, 52554, Note_off_c, 4, 59, 127
5, 52560, Note_on_c, 4, 56, 110
5, 53640, Note_off_c, 4, 56, 127
5, 53760, Note_on_c, 4, 60, 110
5, 54600, Note_off_c, 4, 60, 127
5, 54960, Note_on_c, 4, 59, 110
5, 55434, Note_off_c, 4, 59, 127
5, 55440, Note_on_c, 4, 55, 110
5, 55674, Note_off_c, 4, 55, 127
5, 55680, Note_on_c, 4, 57, 110
5, 56520, Note_off_c, 4, 57, 127
5, 56880, Note_on_c, 4, 47, 110
5, 57114, Note_off_c, 4, 47, 127
5, 57120, Note_on_c, 4, 48, 110
5, 57354, Note_off_c, 4, 48, 127
5, 57360, Note_on_c, 4, 50, 110
5, 57594, Note_off_c, 4, 50, 127
5, 57600, Note_on_c, 4, 52, 110
5, 57834, Note_off_c, 4, 52, 127
5, 57840, Note_on_c, 4, 60, 110
5, 58314, Note_off_c, 4, 60, 127
5, 58320, Note_on_c, 4, 60, 110
5, 58554, Note_off_c, 4, 60, 127
5, 58560, Note_on_c, 4, 62, 110
5, 58794, Note_off_c, 4, 62, 127
5, 58800, Note_on_c, 4, 59, 110
5, 59274, Note_off_c, 4, 59, 127
5, 59280, Note_on_c, 4, 62, 110
5, 59514, Note_off_c, 4, 62, 127
5, 59520, Note_on_c, 4, 60, 110
5, 60840, Note_off_c, 4, 60, 127
5, 61440, Note_on_c, 4, 60, 110
5, 61674, Note_off_c, 4, 60, 127
5, 61680, Note_on_c, 4, 52, 110
5, 62154, Note_off_c, 4, 52, 127
5, 62160, Note_on_c, 4, 53, 110
5, 62274, Note_off_c, 4, 53, 127
5, 62280, Note_on_c, 4, 52, 110
5, 62394, Note_off_c, 4, 52, 127
5, 62400, Note_on_c, 4, 59, 110
5, 62634, Note_off_c, 4, 59, 127
5, 62640, Note_on_c, 4, 52, 110
5, 63114, Note_off_c, 4, 52, 127
5, 63120, Note_on_c, 4, 53, 110
5, 63234, Note_off_c, 4, 53, 127
5, 63240, Note_on_c, 4, 52, 110
5, 63354, Note_off_c, 4, 52, 127
5, 63360, Note_on_c, 4, 57, 110
5, 63594, Note_off_c, 4, 57, 127
5, 63600, Note_on_c, 4, 48, 110
5, 64074, Note_off_c, 4, 48, 127
5, 64080, Note_on_c, 4, 50, 110
5, 64194, Note_off_c, 4, 50, 127
5, 64200, Note_on_c, 4, 48, 110
5, 64314, Note_off_c, 4, 48, 127
5, 64320, Note_on_c, 4, 57, 110
5, 64720, Note_off_c, 4, 57, 127
5, 64800, Note_on_c, 4, 59, 110
5, 65200, Note_off_c, 4, 59, 127
5, 65280, Note_on_c, 4, 60, 110
5, 65514, Note_off_c, 4, 60, 127
5, 65520, Note_on_c, 4, 52, 110
5, 65994, Note_off_c, 4, 52, 127
5, 66000, Note_on_c, 4, 53, 110
5, 66114, Note_off_c, 4, 53, 127
5, 66120, Note_on_c, 4, 52, 110
5, 66234, Note_off_c, 4, 52, 127
5, 66240, Note_on_c, 4, 59, 110
5, 66474, Note_off_c, 4, 59, 127
5, 66480, Note_on_c, 4, 52, 110
5, 66954, Note_off_c, 4, 52, 127
5, 66960, Note_on_c, 4, 53, 110
5, 67074, Note_off_c, 4, 53, 127
5, 67080, Note_on_c, 4, 52, 110
5, 67194, Note_off_c, 4, 52, 127
5, 67200, Note_on_c, 4, 57, 110
5, 67434, Note_off_c, 4, 57, 127
5, 67440, Note_on_c, 4, 48, 110
5, 67914, Note_off_c, 4, 48, 127
5, 67920, Note_on_c, 4, 50, 110
5, 68034, Note_off_c, 4, 50, 127
5, 68040, Note_on_c, 4, 48, 110
5, 68154, Note_off_c, 4, 48, 127
5, 68160, Note_on_c, 4, 57, 110
5, 68274, Note_off_c, 4, 57, 127
5, 68280, Note_on_c, 4, 48, 110
5, 68394, Note_off_c, 4, 48, 127
5, 68400, Note_on_c, 4, 53, 110
5, 68514, Note_off_c, 4, 53, 127
5, 68520, Note_on_c, 4, 57, 110
5, 68634, Note_off_c, 4, 57, 127
5, 68640, Note_on_c, 4, 60, 110
5, 68754, Note_off_c, 4, 60, 127
5, 68760, Note_on_c, 4, 57, 110
5, 68874, Note_off_c, 4, 57, 127
5, 68880, Note_on_c, 4, 60, 110
5, 68994, Note_off_c, 4, 60, 127
5, 69000, Note_on_c, 4, 62, 110
5, 69114, Note_off_c, 4, 62, 127
5, 69120, Note_on_c, 4, 65, 110
5, 69354, Note_off_c, 4, 65, 127
5, 69360, Note_on_c, 4, 64, 110
5, 69834, Note_off_c, 4, 64, 127
5, 69840, Note_on_c, 4, 65, 110
5, 69954, Note_off_c, 4, 65, 127
5, 69960, Note_on_c, 4, 64, 110
5, 70074, Note_off_c, 4, 64, 127
5, 70080, Note_on_c, 4, 64, 110
5, 70314, Note_off_c, 4, 64, 127
5, 70320, Note_on_c, 4, 62, 110
5, 70794, Note_off_c, 4, 62, 127
5, 70800, Note_on_c, 4, 64, 110
5, 70914, Note_off_c, 4, 64, 127
5, 70920, Note_on_c, 4, 62, 110
5, 71034, Note_off_c, 4, 62, 127
5, 71040, Note_on_c, 4, 62, 110
5, 71274, Note_off_c, 4, 62, 127
5, 71280, Note_on_c, 4, 60, 110
5, 71754, Note_off_c, 4, 60, 127
5, 71760, Note_on_c, 4, 62, 110
5, 71874, Note_off_c, 4, 62, 127
5, 71880, Note_on_c, 4, 60, 110
5, 71994, Note_off_c, 4, 60, 127
5, 72000, Note_on_c, 4, 60, 110
5, 72640, Note_off_c, 4, 60, 127
5, 72720, Note_on_c, 4, 59, 110
5, 72954, Note_off_c, 4, 59, 127
5, 72960, Note_on_c, 4, 60, 110
5, 73194, Note_off_c, 4, 60, 127
5, 73200, Note_on_c, 4, 60, 110
5, 73434, Note_off_c, 4, 60, 127
5, 73440, Note_on_c, 4, 60, 110
5, 73674, Note_off_c, 4, 60, 127
5, 73680, Note_on_c, 4, 60, 110
5, 73914, Note_off_c, 4, 60, 127
5, 73920, Note_on_c, 4, 59, 110
5, 74154, Note_off_c, 4, 59, 127
5, 74160, Note_on_c, 4, 55, 110
5, 74634, Note_off_c, 4, 55, 127
5, 74640, Note_on_c, 4, 57, 110
5, 75114, Note_off_c, 4, 57, 127
5, 75120, Note_on_c, 4, 53, 110
5, 75354, Note_off_c, 4, 53, 127
5, 75360, Note_on_c, 4, 55, 110
5, 75594, Note_off_c, 4, 55, 127
5, 75600, Note_on_c, 4, 57, 110
5, 75834, Note_off_c, 4, 57, 127
5, 75840, Note_on_c, 4, 58, 110
5, 76074, Note_off_c, 4, 58, 127
5, 76080, Note_on_c, 4, 59, 110
5, 76720, Note_off_c, 4, 59, 127
5, 76800, Note_on_c, 4, 60, 110
5, 77034, Note_off_c, 4, 60, 127
5, 77040, Note_on_c, 4, 60, 110
5, 77274, Note_off_c, 4, 60, 127
5, 77280, Note_on_c, 4, 60, 110
5, 77514, Note_off_c, 4, 60, 127
5, 77520, Note_on_c, 4, 60, 110
5, 77754, Note_off_c, 4, 60, 127
5, 77760, Note_on_c, 4, 59, 110
5, 77994, Note_off_c, 4, 59, 127
5, 78000, Note_on_c, 4, 64, 110
5, 78474, Note_off_c, 4, 64, 127
5, 78480, Note_on_c, 4, 62, 110
5, 78714, Note_off_c, 4, 62, 127
5, 78720, Note_on_c, 4, 62, 110
5, 78954, Note_off_c, 4, 62, 127
5, 78960, Note_on_c, 4, 60, 110
5, 80040, Note_off_c, 4, 60, 127
5, 80640, Note_on_c, 4, 60, 110
5, 80874, Note_off_c, 4, 60, 127
5, 80880, Note_on_c, 4, 60, 110
5, 81114, Note_off_c, 4, 60, 127
5, 81120, Note_on_c, 4, 60, 110
5, 81354, Note_off_c, 4, 60, 127
5, 81360, Note_on_c, 4, 60, 110
5, 81594, Note_off_c, 4, 60, 127
5, 81600, Note_on_c, 4, 59, 110
5, 81834, Note_off_c, 4, 59, 127
5, 81840, Note_on_c, 4, 55, 110
5, 82314, Note_off_c, 4, 55, 127
5, 82320, Note_on_c, 4, 57, 110
5, 82794, Note_off_c, 4, 57, 127
5, 82800, Note_on_c, 4, 53, 110
5, 83034, Note_off_c, 4, 53, 127
5, 83040, Note_on_c, 4, 55, 110
5, 83274, Note_off_c, 4, 55, 127
5, 83280, Note_on_c, 4, 57, 110
5, 83514, Note_off_c, 4, 57, 127
5, 83520, Note_on_c, 4, 58, 110
5, 83754, Note_off_c, 4, 58, 127
5, 83760, Note_on_c, 4, 59, 110
5, 84400, Note_off_c, 4, 59, 127
5, 84480, Note_on_c, 4, 60, 110
5, 84714, Note_off_c, 4, 60, 127
5, 84720, Note_on_c, 4, 60, 110
5, 84954, Note_off_c, 4, 60, 127
5, 84960, Note_on_c, 4, 60, 110
5, 85194, Note_off_c, 4, 60, 127
5, 85200, Note_on_c, 4, 60, 110
5, 85434, Note_off_c, 4, 60, 127
5, 85440, Note_on_c, 4, 64, 110
5, 85674, Note_off_c, 4, 64, 127
5, 85680, Note_on_c, 4, 63, 110
5, 85914, Note_off_c, 4, 63, 127
5, 85920, Note_on_c, 4, 62, 110
5, 86154, Note_off_c, 4, 62, 127
5, 86160, Note_on_c, 4, 60, 110
5, 86394, Note_off_c, 4, 60, 127
5, 86400, Note_on_c, 4, 57, 110
5, 87720, Note_off_c, 4, 57, 127
5, 88320, End_track
6, 0, Start_track
6, 0, Title_t, "Staff-3"
6, 19200, Note_on_c, 5, 72, 110
6, 19200, Control_c, 5, 91, 0
6, 19200, Control_c, 5, 7, 127
6, 19200, Control_c, 5, 93, 0
6, 19200, Control_c, 5, 10, 64
6, 19200, Control_c, 5, 121, 0
6, 19200, Program_c, 5, 48
6, 19200, Control_c, 5, 32, 0
6, 19200, Control_c, 5, 0, 0
6, 19434, Note_off_c, 5, 72, 127
6, 19440, Note_on_c, 5, 64, 110
6, 19914, Note_off_c, 5, 64, 127
6, 19920, Note_on_c, 5, 65, 110
6, 20034, Note_off_c, 5, 65, 127
6, 20040, Note_on_c, 5, 64, 110
6, 20154, Note_off_c, 5, 64, 127
6, 20160, Note_on_c, 5, 71, 110
6, 20394, Note_off_c, 5, 71, 127
6, 20400, Note_on_c, 5, 64, 110
6, 20874, Note_off_c, 5, 64, 127
6, 20880, Note_on_c, 5, 65, 110
6, 20994, Note_off_c, 5, 65, 127
6, 21000, Note_on_c, 5, 64, 110
6, 21114, Note_off_c, 5, 64, 127
6, 21120, Note_on_c, 5, 69, 110
6, 21354, Note_off_c, 5, 69, 127
6, 21360, Note_on_c, 5, 60, 110
6, 21834, Note_off_c, 5, 60, 127
6, 21840, Note_on_c, 5, 62, 110
6, 21954, Note_off_c, 5, 62, 127
6, 21960, Note_on_c, 5, 60, 110
6, 22074, Note_off_c, 5, 60, 127
6, 22080, Note_on_c, 5, 69, 110
6, 22480, Note_off_c, 5, 69, 127
6, 22560, Note_on_c, 5, 71, 110
6, 22960, Note_off_c, 5, 71, 127
6, 23040, Note_on_c, 5, 72, 110
6, 23274, Note_off_c, 5, 72, 127
6, 23280, Note_on_c, 5, 64, 110
6, 23754, Note_off_c, 5, 64, 127
6, 23760, Note_on_c, 5, 65, 110
6, 23874, Note_off_c, 5, 65, 127
6, 23880, Note_on_c, 5, 64, 110
6, 23994, Note_off_c, 5, 64, 127
6, 24000, Note_on_c, 5, 71, 110
6, 24234, Note_off_c, 5, 71, 127
6, 24240, Note_on_c, 5, 64, 110
6, 24714, Note_off_c, 5, 64, 127
6, 24720, Note_on_c, 5, 65, 110
6, 24834, Note_off_c, 5, 65, 127
6, 24840, Note_on_c, 5, 64, 110
6, 24954, Note_off_c, 5, 64, 127
6, 24960, Note_on_c, 5, 69, 110
6, 25194, Note_off_c, 5, 69, 127
6, 25200, Note_on_c, 5, 60, 110
6, 25674, Note_off_c, 5, 60, 127
6, 25680, Note_on_c, 5, 62, 110
6, 25794, Note_off_c, 5, 62, 127
6, 25800, Note_on_c, 5, 60, 110
6, 25914, Note_off_c, 5, 60, 127
6, 25920, Note_on_c, 5, 69, 110
6, 26034, Note_off_c, 5, 69, 127
6, 26040, Note_on_c, 5, 60, 110
6, 26154, Note_off_c, 5, 60, 127
6, 26160, Note_on_c, 5, 65, 110
6, 26274, Note_off_c, 5, 65, 127
6, 26280, Note_on_c, 5, 69, 110
6, 26394, Note_off_c, 5, 69, 127
6, 26400, Note_on_c, 5, 72, 110
6, 26514, Note_off_c, 5, 72, 127
6, 26520, Note_on_c, 5, 69, 110
6, 26634, Note_off_c, 5, 69, 127
6, 26640, Note_on_c, 5, 72, 110
6, 26754, Note_off_c, 5, 72, 127
6, 26760, Note_on_c, 5, 74, 110
6, 26874, Note_off_c, 5, 74, 127
6, 26880, Note_on_c, 5, 77, 110
6, 27114, Note_off_c, 5, 77, 127
6, 27120, Note_on_c, 5, 76, 110
6, 27594, Note_off_c, 5, 76, 127
6, 27600, Note_on_c, 5, 77, 110
6, 27714, Note_off_c, 5, 77, 127
6, 27720, Note_on_c, 5, 76, 110
6, 27834, Note_off_c, 5, 76, 127
6, 27840, Note_on_c, 5, 76, 110
6, 28074, Note_off_c, 5, 76, 127
6, 28080, Note_on_c, 5, 74, 110
6, 28554, Note_off_c, 5, 74, 127
6, 28560, Note_on_c, 5, 76, 110
6, 28674, Note_off_c, 5, 76, 127
6, 28680, Note_on_c, 5, 74, 110
6, 28794, Note_off_c, 5, 74, 127
6, 28800, Note_on_c, 5, 74, 110
6, 29034, Note_off_c, 5, 74, 127
6, 29040, Note_on_c, 5, 72, 110
6, 29514, Note_off_c, 5, 72, 127
6, 29520, Note_on_c, 5, 74, 110
6, 29634, Note_off_c, 5, 74, 127
6, 29640, Note_on_c, 5, 72, 110
6, 29754, Note_off_c, 5, 72, 127
6, 29760, Note_on_c, 5, 72, 110
6, 30400, Note_off_c, 5, 72, 127
6, 30480, Note_on_c, 5, 71, 110
6, 30714, Note_off_c, 5, 71, 127
6, 30720, Note_on_c, 5, 72, 110
6, 30954, Note_off_c, 5, 72, 127
6, 30960, Note_on_c, 5, 72, 110
6, 31194, Note_off_c, 5, 72, 127
6, 31200, Note_on_c, 5, 72, 110
6, 31434, Note_off_c, 5, 72, 127
6, 31440, Note_on_c, 5, 72, 110
6, 31674, Note_off_c, 5, 72, 127
6, 31680, Note_on_c, 5, 71, 110
6, 31914, Note_off_c, 5, 71, 127
6, 31920, Note_on_c, 5, 67, 110
6, 32394, Note_off_c, 5, 67, 127
6, 32400, Note_on_c, 5, 69, 110
6, 32874, Note_off_c, 5, 69, 127
6, 32880, Note_on_c, 5, 65, 110
6, 33114, Note_off_c, 5, 65, 127
6, 33120, Note_on_c, 5, 67, 110
6, 33354, Note_off_c, 5, 67, 127
6, 33360, Note_on_c, 5, 69, 110
6, 33594, Note_off_c, 5, 69, 127
6, 33600, Note_on_c, 5, 70, 110
6, 33834, Note_off_c, 5, 70, 127
6, 33840, Note_on_c, 5, 71, 110
6, 34480, Note_off_c, 5, 71, 127
6, 34560, Note_on_c, 5, 72, 110
6, 34794, Note_off_c, 5, 72, 127
6, 34800, Note_on_c, 5, 72, 110
6, 35034, Note_off_c, 5, 72, 127
6, 35040, Note_on_c, 5, 72, 110
6, 35274, Note_off_c, 5, 72, 127
6, 35280, Note_on_c, 5, 72, 110
6, 35514, Note_off_c, 5, 72, 127
6, 35520, Note_on_c, 5, 71, 110
6, 35754, Note_off_c, 5, 71, 127
6, 35760, Note_on_c, 5, 76, 110
6, 36234, Note_off_c, 5, 76, 127
6, 36240, Note_on_c, 5, 74, 110
6, 36474, Note_off_c, 5, 74, 127
6, 36480, Note_on_c, 5, 74, 110
6, 36714, Note_off_c, 5, 74, 127
6, 36720, Note_on_c, 5, 72, 110
6, 37800, Note_off_c, 5, 72, 127
6, 38400, Note_on_c, 5, 72, 110
6, 38634, Note_off_c, 5, 72, 127
6, 38640, Note_on_c, 5, 72, 110
6, 38874, Note_off_c, 5, 72, 127
6, 38880, Note_on_c, 5, 72, 110
6, 39114, Note_off_c, 5, 72, 127
6, 39120, Note_on_c, 5, 72, 110
6, 39354, Note_off_c, 5, 72, 127
6, 39360, Note_on_c, 5, 71, 110
6, 39594, Note_off_c, 5, 71, 127
6, 39600, Note_on_c, 5, 67, 110
6, 40074, Note_off_c, 5, 67, 127
6, 40080, Note_on_c, 5, 69, 110
6, 40554, Note_off_c, 5, 69, 127
6, 40560, Note_on_c, 5, 65, 110
6, 40794, Note_off_c, 5, 65, 127
6, 40800, Note_on_c, 5, 67, 110
6, 41034, Note_off_c, 5, 67, 127
6, 41040, Note_on_c, 5, 69, 110
6, 41274, Note_off_c, 5, 69, 127
6, 41280, Note_on_c, 5, 70, 110
6, 41514, Note_off_c, 5, 70, 127
6, 41520, Note_on_c, 5, 71, 110
6, 42160, Note_off_c, 5, 71, 127
6, 42240, Note_on_c, 5, 72, 110
6, 42474, Note_off_c, 5, 72, 127
6, 42480, Note_on_c, 5, 72, 110
6, 42714, Note_off_c, 5, 72, 127
6, 42720, Note_on_c, 5, 72, 110
6, 42954, Note_off_c, 5, 72, 127
6, 42960, Note_on_c, 5, 72, 110
6, 43194, Note_off_c, 5, 72, 127
6, 43200, Note_on_c, 5, 76, 110
6, 43434, Note_off_c, 5, 76, 127
6, 43440, Note_on_c, 5, 75, 110
6, 43674, Note_off_c, 5, 75, 127
6, 43680, Note_on_c, 5, 74, 110
6, 43914, Note_off_c, 5, 74, 127
6, 43920, Note_on_c, 5, 72, 110
6, 44154, Note_off_c, 5, 72, 127
6, 44160, Note_on_c, 5, 69, 110
6, 45480, Note_off_c, 5, 69, 127
6, 61440, Note_on_c, 5, 72, 110
6, 61674, Note_off_c, 5, 72, 127
6, 61680, Note_on_c, 5, 64, 110
6, 62154, Note_off_c, 5, 64, 127
6, 62160, Note_on_c, 5, 65, 110
6, 62274, Note_off_c, 5, 65, 127
6, 62280, Note_on_c, 5, 64, 110
6, 62394, Note_off_c, 5, 64, 127
6, 62400, Note_on_c, 5, 71, 110
6, 62634, Note_off_c, 5, 71, 127
6, 62640, Note_on_c, 5, 64, 110
6, 63114, Note_off_c, 5, 64, 127
6, 63120, Note_on_c, 5, 65, 110
6, 63234, Note_off_c, 5, 65, 127
6, 63240, Note_on_c, 5, 64, 110
6, 63354, Note_off_c, 5, 64, 127
6, 63360, Note_on_c, 5, 69, 110
6, 63594, Note_off_c, 5, 69, 127
6, 63600, Note_on_c, 5, 60, 110
6, 64074, Note_off_c, 5, 60, 127
6, 64080, Note_on_c, 5, 62, 110
6, 64194, Note_off_c, 5, 62, 127
6, 64200, Note_on_c, 5, 60, 110
6, 64314, Note_off_c, 5, 60, 127
6, 64320, Note_on_c, 5, 69, 110
6, 64720, Note_off_c, 5, 69, 127
6, 64800, Note_on_c, 5, 71, 110
6, 65200, Note_off_c, 5, 71, 127
6, 65280, Note_on_c, 5, 72, 110
6, 65514, Note_off_c, 5, 72, 127
6, 65520, Note_on_c, 5, 64, 110
6, 65994, Note_off_c, 5, 64, 127
6, 66000, Note_on_c, 5, 65, 110
6, 66114, Note_off_c, 5, 65, 127
6, 66120, Note_on_c, 5, 64, 110
6, 66234, Note_off_c, 5, 64, 127
6, 66240, Note_on_c, 5, 71, 110
6, 66474, Note_off_c, 5, 71, 127
6, 66480, Note_on_c, 5, 64, 110
6, 66954, Note_off_c, 5, 64, 127
6, 66960, Note_on_c, 5, 65, 110
6, 67074, Note_off_c, 5, 65, 127
6, 67080, Note_on_c, 5, 64, 110
6, 67194, Note_off_c, 5, 64, 127
6, 67200, Note_on_c, 5, 69, 110
6, 67434, Note_off_c, 5, 69, 127
6, 67440, Note_on_c, 5, 60, 110
6, 67914, Note_off_c, 5, 60, 127
6, 67920, Note_on_c, 5, 62, 110
6, 68034, Note_off_c, 5, 62, 127
6, 68040, Note_on_c, 5, 60, 110
6, 68154, Note_off_c, 5, 60, 127
6, 68160, Note_on_c, 5, 69, 110
6, 68274, Note_off_c, 5, 69, 127
6, 68280, Note_on_c, 5, 60, 110
6, 68394, Note_off_c, 5, 60, 127
6, 68400, Note_on_c, 5, 65, 110
6, 68514, Note_off_c, 5, 65, 127
6, 68520, Note_on_c, 5, 69, 110
6, 68634, Note_off_c, 5, 69, 127
6, 68640, Note_on_c, 5, 72, 110
6, 68754, Note_off_c, 5, 72, 127
6, 68760, Note_on_c, 5, 69, 110
6, 68874, Note_off_c, 5, 69, 127
6, 68880, Note_on_c, 5, 72, 110
6, 68994, Note_off_c, 5, 72, 127
6, 69000, Note_on_c, 5, 74, 110
6, 69114, Note_off_c, 5, 74, 127
6, 69120, Note_on_c, 5, 77, 110
6, 69354, Note_off_c, 5, 77, 127
6, 69360, Note_on_c, 5, 76, 110
6, 69834, Note_off_c, 5, 76, 127
6, 69840, Note_on_c, 5, 77, 110
6, 69954, Note_off_c, 5, 77, 127
6, 69960, Note_on_c, 5, 76, 110
6, 70074, Note_off_c, 5, 76, 127
6, 70080, Note_on_c, 5, 76, 110
6, 70314, Note_off_c, 5, 76, 127
6, 70320, Note_on_c, 5, 74, 110
6, 70794, Note_off_c, 5, 74, 127
6, 70800, Note_on_c, 5, 76, 110
6, 70914, Note_off_c, 5, 76, 127
6, 70920, Note_on_c, 5, 74, 110
6, 71034, Note_off_c, 5, 74, 127
6, 71040, Note_on_c, 5, 74, 110
6, 71274, Note_off_c, 5, 74, 127
6, 71280, Note_on_c, 5, 72, 110
6, 71754, Note_off_c, 5, 72, 127
6, 71760, Note_on_c, 5, 74, 110
6, 71874, Note_off_c, 5, 74, 127
6, 71880, Note_on_c, 5, 72, 110
6, 71994, Note_off_c, 5, 72, 127
6, 72000, Note_on_c, 5, 72, 110
6, 72640, Note_off_c, 5, 72, 127
6, 72720, Note_on_c, 5, 71, 110
6, 72954, Note_off_c, 5, 71, 127
6, 72960, Note_on_c, 5, 72, 110
6, 73194, Note_off_c, 5, 72, 127
6, 73200, Note_on_c, 5, 72, 110
6, 73434, Note_off_c, 5, 72, 127
6, 73440, Note_on_c, 5, 72, 110
6, 73674, Note_off_c, 5, 72, 127
6, 73680, Note_on_c, 5, 72, 110
6, 73914, Note_off_c, 5, 72, 127
6, 73920, Note_on_c, 5, 71, 110
6, 74154, Note_off_c, 5, 71, 127
6, 74160, Note_on_c, 5, 67, 110
6, 74634, Note_off_c, 5, 67, 127
6, 74640, Note_on_c, 5, 69, 110
6, 75114, Note_off_c, 5, 69, 127
6, 75120, Note_on_c, 5, 65, 110
6, 75354, Note_off_c, 5, 65, 127
6, 75360, Note_on_c, 5, 67, 110
6, 75594, Note_off_c, 5, 67, 127
6, 75600, Note_on_c, 5, 69, 110
6, 75834, Note_off_c, 5, 69, 127
6, 75840, Note_on_c, 5, 70, 110
6, 76074, Note_off_c, 5, 70, 127
6, 76080, Note_on_c, 5, 71, 110
6, 76720, Note_off_c, 5, 71, 127
6, 76800, Note_on_c, 5, 72, 110
6, 77034, Note_off_c, 5, 72, 127
6, 77040, Note_on_c, 5, 72, 110
6, 77274, Note_off_c, 5, 72, 127
6, 77280, Note_on_c, 5, 72, 110
6, 77514, Note_off_c, 5, 72, 127
6, 77520, Note_on_c, 5, 72, 110
6, 77754, Note_off_c, 5, 72, 127
6, 77760, Note_on_c, 5, 71, 110
6, 77994, Note_off_c, 5, 71, 127
6, 78000, Note_on_c, 5, 76, 110
6, 78474, Note_off_c, 5, 76, 127
6, 78480, Note_on_c, 5, 74, 110
6, 78714, Note_off_c, 5, 74, 127
6, 78720, Note_on_c, 5, 74, 110
6, 78954, Note_off_c, 5, 74, 127
6, 78960, Note_on_c, 5, 72, 110
6, 80040, Note_off_c, 5, 72, 127
6, 80640, Note_on_c, 5, 72, 110
6, 80874, Note_off_c, 5, 72, 127
6, 80880, Note_on_c, 5, 72, 110
6, 81114, Note_off_c, 5, 72, 127
6, 81120, Note_on_c, 5, 72, 110
6, 81354, Note_off_c, 5, 72, 127
6, 81360, Note_on_c, 5, 72, 110
6, 81594, Note_off_c, 5, 72, 127
6, 81600, Note_on_c, 5, 71, 110
6, 81834, Note_off_c, 5, 71, 127
6, 81840, Note_on_c, 5, 67, 110
6, 82314, Note_off_c, 5, 67, 127
6, 82320, Note_on_c, 5, 69, 110
6, 82794, Note_off_c, 5, 69, 127
6, 82800, Note_on_c, 5, 65, 110
6, 83034, Note_off_c, 5, 65, 127
6, 83040, Note_on_c, 5, 67, 110
6, 83274, Note_off_c, 5, 67, 127
6, 83280, Note_on_c, 5, 69, 110
6, 83514, Note_off_c, 5, 69, 127
6, 83520, Note_on_c, 5, 70, 110
6, 83754, Note_off_c, 5, 70, 127
6, 83760, Note_on_c, 5, 71, 110
6, 84400, Note_off_c, 5, 71, 127
6, 84480, Note_on_c, 5, 72, 110
6, 84714, Note_off_c, 5, 72, 127
6, 84720, Note_on_c, 5, 72, 110
6, 84954, Note_off_c, 5, 72, 127
6, 84960, Note_on_c, 5, 72, 110
6, 85194, Note_off_c, 5, 72, 127
6, 85200, Note_on_c, 5, 72, 110
6, 85434, Note_off_c, 5, 72, 127
6, 85440, Note_on_c, 5, 76, 110
6, 85674, Note_off_c, 5, 76, 127
6, 85680, Note_on_c, 5, 75, 110
6, 85914, Note_off_c, 5, 75, 127
6, 85920, Note_on_c, 5, 74, 110
6, 86154, Note_off_c, 5, 74, 127
6, 86160, Note_on_c, 5, 72, 110
6, 86394, Note_off_c, 5, 72, 127
6, 86400, Note_on_c, 5, 69, 110
6, 87720, Note_off_c, 5, 69, 127
6, 88320, End_track
7, 0, Start_track
7, 0, Title_t, "Staff-5"
7, 3840, Note_on_c, 6, 57, 110
7, 3840, Control_c, 6, 91, 0
7, 3840, Control_c, 6, 7, 127
7, 3840, Control_c, 6, 93, 0
7, 3840, Control_c, 6, 10, 64
7, 3840, Control_c, 6, 121, 0
7, 3840, Program_c, 6, 32
7, 3840, Control_c, 6, 32, 0
7, 3840, Control_c, 6, 0, 0
7, 4074, Note_off_c, 6, 57, 127
7, 4080, Note_on_c, 6, 52, 110
7, 4314, Note_off_c, 6, 52, 127
7, 4320, Note_on_c, 6, 57, 110
7, 4554, Note_off_c, 6, 57, 127
7, 4560, Note_on_c, 6, 52, 110
7, 4794, Note_off_c, 6, 52, 127
7, 4800, Note_on_c, 6, 55, 110
7, 5034, Note_off_c, 6, 55, 127
7, 5040, Note_on_c, 6, 50, 110
7, 5274, Note_off_c, 6, 50, 127
7, 5280, Note_on_c, 6, 55, 110
7, 5514, Note_off_c, 6, 55, 127
7, 5520, Note_on_c, 6, 50, 110
7, 5754, Note_off_c, 6, 50, 127
7, 5760, Note_on_c, 6, 53, 110
7, 5994, Note_off_c, 6, 53, 127
7, 6000, Note_on_c, 6, 48, 110
7, 6234, Note_off_c, 6, 48, 127
7, 6240, Note_on_c, 6, 53, 110
7, 6474, Note_off_c, 6, 53, 127
7, 6480, Note_on_c, 6, 48, 110
7, 6714, Note_off_c, 6, 48, 127
7, 6720, Note_on_c, 6, 53, 110
7, 6954, Note_off_c, 6, 53, 127
7, 6960, Note_on_c, 6, 48, 110
7, 7194, Note_off_c, 6, 48, 127
7, 7200, Note_on_c, 6, 55, 110
7, 7434, Note_off_c, 6, 55, 127
7, 7440, Note_on_c, 6, 50, 110
7, 7674, Note_off_c, 6, 50, 127
7, 7680, Note_on_c, 6, 57, 110
7, 7914, Note_off_c, 6, 57, 127
7, 7920, Note_on_c, 6, 52, 110
7, 8154, Note_off_c, 6, 52, 127
7, 8160, Note_on_c, 6, 57, 110
7, 8394, Note_off_c, 6, 57, 127
7, 8400, Note_on_c, 6, 52, 110
7, 8634, Note_off_c, 6, 52, 127
7, 8640, Note_on_c, 6, 55, 110
7, 8874, Note_off_c, 6, 55, 127
7, 8880, Note_on_c, 6, 50, 110
7, 9114, Note_off_c, 6, 50, 127
7, 9120, Note_on_c, 6, 55, 110
7, 9354, Note_off_c, 6, 55, 127
7, 9360, Note_on_c, 6, 50, 110
7, 9594, Note_off_c, 6, 50, 127
7, 9600, Note_on_c, 6, 53, 110
7, 9834, Note_off_c, 6, 53, 127
7, 9840, Note_on_c, 6, 48, 110
7, 10074, Note_off_c, 6, 48, 127
7, 10080, Note_on_c, 6, 53, 110
7, 10314, Note_off_c, 6, 53, 127
7, 10320, Note_on_c, 6, 48, 110
7, 10554, Note_off_c, 6, 48, 127
7, 10560, Note_on_c, 6, 52, 110
7, 10794, Note_off_c, 6, 52, 127
7, 10800, Note_on_c, 6, 47, 110
7, 11034, Note_off_c, 6, 47, 127
7, 11040, Note_on_c, 6, 52, 110
7, 11274, Note_off_c, 6, 52, 127
7, 11280, Note_on_c, 6, 47, 110
7, 11514, Note_off_c, 6, 47, 127
7, 11520, Note_on_c, 6, 57, 110
7, 11754, Note_off_c, 6, 57, 127
7, 11760, Note_on_c, 6, 52, 110
7, 11994, Note_off_c, 6, 52, 127
7, 12000, Note_on_c, 6, 57, 110
7, 12234, Note_off_c, 6, 57, 127
7, 12240, Note_on_c, 6, 52, 110
7, 12474, Note_off_c, 6, 52, 127
7, 12480, Note_on_c, 6, 55, 110
7, 12714, Note_off_c, 6, 55, 127
7, 12720, Note_on_c, 6, 50, 110
7, 12954, Note_off_c, 6, 50, 127
7, 12960, Note_on_c, 6, 55, 110
7, 13194, Note_off_c, 6, 55, 127
7, 13200, Note_on_c, 6, 50, 110
7, 13434, Note_off_c, 6, 50, 127
7, 13440, Note_on_c, 6, 53, 110
7, 13674, Note_off_c, 6, 53, 127
7, 13680, Note_on_c, 6, 48, 110
7, 13914, Note_off_c, 6, 48, 127
7, 13920, Note_on_c, 6, 53, 110
7, 14154, Note_off_c, 6, 53, 127
7, 14160, Note_on_c, 6, 48, 110
7, 14394, Note_off_c, 6, 48, 127
7, 14400, Note_on_c, 6, 53, 110
7, 14634, Note_off_c, 6, 53, 127
7, 14640, Note_on_c, 6, 48, 110
7, 14874, Note_off_c, 6, 48, 127
7, 14880, Note_on_c, 6, 55, 110
7, 15114, Note_off_c, 6, 55, 127
7, 15120, Note_on_c, 6, 50, 110
7, 15354, Note_off_c, 6, 50, 127
7, 15360, Note_on_c, 6, 57, 110
7, 15594, Note_off_c, 6, 57, 127
7, 15600, Note_on_c, 6, 52, 110
7, 15834, Note_off_c, 6, 52, 127
7, 15840, Note_on_c, 6, 57, 110
7, 16074, Note_off_c, 6, 57, 127
7, 16080, Note_on_c, 6, 52, 110
7, 16314, Note_off_c, 6, 52, 127
7, 16320, Note_on_c, 6, 55, 110
7, 16554, Note_off_c, 6, 55, 127
7, 16560, Note_on_c, 6, 50, 110
7, 16794, Note_off_c, 6, 50, 127
7, 16800, Note_on_c, 6, 55, 110
7, 17034, Note_off_c, 6, 55, 127
7, 17040, Note_on_c, 6, 50, 110
7, 17274, Note_off_c, 6, 50, 127
7, 17280, Note_on_c, 6, 53, 110
7, 17514, Note_off_c, 6, 53, 127
7, 17520, Note_on_c, 6, 48, 110
7, 17754, Note_off_c, 6, 48, 127
7, 17760, Note_on_c, 6, 53, 110
7, 17994, Note_off_c, 6, 53, 127
7, 18000, Note_on_c, 6, 48, 110
7, 18234, Note_off_c, 6, 48, 127
7, 18240, Note_on_c, 6, 52, 110
7, 18474, Note_off_c, 6, 52, 127
7, 18480, Note_on_c, 6, 47, 110
7, 18714, Note_off_c, 6, 47, 127
7, 18720, Note_on_c, 6, 52, 110
7, 18954, Note_off_c, 6, 52, 127
7, 18960, Note_on_c, 6, 47, 110
7, 19194, Note_off_c, 6, 47, 127
7, 19200, Note_on_c, 6, 57, 110
7, 19434, Note_off_c, 6, 57, 127
7, 19440, Note_on_c, 6, 52, 110
7, 19674, Note_off_c, 6, 52, 127
7, 19680, Note_on_c, 6, 57, 110
7, 19914, Note_off_c, 6, 57, 127
7, 19920, Note_on_c, 6, 52, 110
7, 20154, Note_off_c, 6, 52, 127
7, 20160, Note_on_c, 6, 55, 110
7, 20394, Note_off_c, 6, 55, 127
7, 20400, Note_on_c, 6, 52, 110
7, 20634, Note_off_c, 6, 52, 127
7, 20640, Note_on_c, 6, 55, 110
7, 20874, Note_off_c, 6, 55, 127
7, 20880, Note_on_c, 6, 52, 110
7, 21114, Note_off_c, 6, 52, 127
7, 21120, Note_on_c, 6, 53, 110
7, 21354, Note_off_c, 6, 53, 127
7, 21360, Note_on_c, 6, 48, 110
7, 21594, Note_off_c, 6, 48, 127
7, 21600, Note_on_c, 6, 53, 110
7, 21834, Note_off_c, 6, 53, 127
7, 21840, Note_on_c, 6, 48, 110
7, 22074, Note_off_c, 6, 48, 127
7, 22080, Note_on_c, 6, 53, 110
7, 22314, Note_off_c, 6, 53, 127
7, 22320, Note_on_c, 6, 48, 110
7, 22554, Note_off_c, 6, 48, 127
7, 22560, Note_on_c, 6, 55, 110
7, 22794, Note_off_c, 6, 55, 127
7, 22800, Note_on_c, 6, 50, 110
7, 23034, Note_off_c, 6, 50, 127
7, 23040, Note_on_c, 6, 57, 110
7, 23274, Note_off_c, 6, 57, 127
7, 23280, Note_on_c, 6, 52, 110
7, 23514, Note_off_c, 6, 52, 127
7, 23520, Note_on_c, 6, 57, 110
7, 23754, Note_off_c, 6, 57, 127
7, 23760, Note_on_c, 6, 52, 110
7, 23994, Note_off_c, 6, 52, 127
7, 24000, Note_on_c, 6, 55, 110
7, 24234, Note_off_c, 6, 55, 127
7, 24240, Note_on_c, 6, 52, 110
7, 24474, Note_off_c, 6, 52, 127
7, 24480, Note_on_c, 6, 55, 110
7, 24714, Note_off_c, 6, 55, 127
7, 24720, Note_on_c, 6, 52, 110
7, 24954, Note_off_c, 6, 52, 127
7, 24960, Note_on_c, 6, 53, 110
7, 25194, Note_off_c, 6, 53, 127
7, 25200, Note_on_c, 6, 48, 110
7, 25434, Note_off_c, 6, 48, 127
7, 25440, Note_on_c, 6, 53, 110
7, 25674, Note_off_c, 6, 53, 127
7, 25680, Note_on_c, 6, 48, 110
7, 25914, Note_off_c, 6, 48, 127
7, 25920, Note_on_c, 6, 53, 110
7, 26154, Note_off_c, 6, 53, 127
7, 26160, Note_on_c, 6, 48, 110
7, 26394, Note_off_c, 6, 48, 127
7, 26400, Note_on_c, 6, 53, 110
7, 26634, Note_off_c, 6, 53, 127
7, 26640, Note_on_c, 6, 48, 110
7, 26874, Note_off_c, 6, 48, 127
7, 26880, Note_on_c, 6, 60, 110
7, 27114, Note_off_c, 6, 60, 127
7, 27120, Note_on_c, 6, 55, 110
7, 27354, Note_off_c, 6, 55, 127
7, 27360, Note_on_c, 6, 60, 110
7, 27594, Note_off_c, 6, 60, 127
7, 27600, Note_on_c, 6, 55, 110
7, 27834, Note_off_c, 6, 55, 127
7, 27840, Note_on_c, 6, 59, 110
7, 28074, Note_off_c, 6, 59, 127
7, 28080, Note_on_c, 6, 55, 110
7, 28314, Note_off_c, 6, 55, 127
7, 28320, Note_on_c, 6, 59, 110
7, 28554, Note_off_c, 6, 59, 127
7, 28560, Note_on_c, 6, 55, 110
7, 28794, Note_off_c, 6, 55, 127
7, 28800, Note_on_c, 6, 57, 110
7, 29034, Note_off_c, 6, 57, 127
7, 29040, Note_on_c, 6, 53, 110
7, 29274, Note_off_c, 6, 53, 127
7, 29280, Note_on_c, 6, 57, 110
7, 29514, Note_off_c, 6, 57, 127
7, 29520, Note_on_c, 6, 53, 110
7, 29754, Note_off_c, 6, 53, 127
7, 29760, Note_on_c, 6, 57, 110
7, 29994, Note_off_c, 6, 57, 127
7, 30000, Note_on_c, 6, 53, 110
7, 30234, Note_off_c, 6, 53, 127
7, 30240, Note_on_c, 6, 59, 110
7, 30474, Note_off_c, 6, 59, 127
7, 30480, Note_on_c, 6, 55, 110
7, 30714, Note_off_c, 6, 55, 127
7, 30720, Note_on_c, 6, 57, 110
7, 30954, Note_off_c, 6, 57, 127
7, 30960, Note_on_c, 6, 52, 110
7, 31194, Note_off_c, 6, 52, 127
7, 31200, Note_on_c, 6, 57, 110
7, 31434, Note_off_c, 6, 57, 127
7, 31440, Note_on_c, 6, 52, 110
7, 31674, Note_off_c, 6, 52, 127
7, 31680, Note_on_c, 6, 55, 110
7, 31914, Note_off_c, 6, 55, 127
7, 31920, Note_on_c, 6, 50, 110
7, 32154, Note_off_c, 6, 50, 127
7, 32160, Note_on_c, 6, 55, 110
7, 32394, Note_off_c, 6, 55, 127
7, 32400, Note_on_c, 6, 50, 110
7, 32634, Note_off_c, 6, 50, 127
7, 32640, Note_on_c, 6, 53, 110
7, 32874, Note_off_c, 6, 53, 127
7, 32880, Note_on_c, 6, 48, 110
7, 33114, Note_off_c, 6, 48, 127
7, 33120, Note_on_c, 6, 53, 110
7, 33354, Note_off_c, 6, 53, 127
7, 33360, Note_on_c, 6, 48, 110
7, 33594, Note_off_c, 6, 48, 127
7, 33600, Note_on_c, 6, 56, 110
7, 33834, Note_off_c, 6, 56, 127
7, 33840, Note_on_c, 6, 52, 110
7, 34074, Note_off_c, 6, 52, 127
7, 34080, Note_on_c, 6, 56, 110
7, 34314, Note_off_c, 6, 56, 127
7, 34320, Note_on_c, 6, 52, 110
7, 34554, Note_off_c, 6, 52, 127
7, 34560, Note_on_c, 6, 57, 110
7, 34794, Note_off_c, 6, 57, 127
7, 34800, Note_on_c, 6, 52, 110
7, 35034, Note_off_c, 6, 52, 127
7, 35040, Note_on_c, 6, 57, 110
7, 35274, Note_off_c, 6, 57, 127
7, 35280, Note_on_c, 6, 52, 110
7, 35514, Note_off_c, 6, 52, 127
7, 35520, Note_on_c, 6, 55, 110
7, 35754, Note_off_c, 6, 55, 127
7, 35760, Note_on_c, 6, 50, 110
7, 35994, Note_off_c, 6, 50, 127
7, 36000, Note_on_c, 6, 55, 110
7, 36234, Note_off_c, 6, 55, 127
7, 36240, Note_on_c, 6, 50, 110
7, 36474, Note_off_c, 6, 50, 127
7, 36480, Note_on_c, 6, 53, 110
7, 36714, Note_off_c, 6, 53, 127
7, 36720, Note_on_c, 6, 48, 110
7, 36954, Note_off_c, 6, 48, 127
7, 36960, Note_on_c, 6, 53, 110
7, 37194, Note_off_c, 6, 53, 127
7, 37200, Note_on_c, 6, 48, 110
7, 37434, Note_off_c, 6, 48, 127
7, 37440, Note_on_c, 6, 55, 110
7, 37674, Note_off_c, 6, 55, 127
7, 37680, Note_on_c, 6, 50, 110
7, 37914, Note_off_c, 6, 50, 127
7, 37920, Note_on_c, 6, 55, 110
7, 38154, Note_off_c, 6, 55, 127
7, 38160, Note_on_c, 6, 50, 110
7, 38394, Note_off_c, 6, 50, 127
7, 38400, Note_on_c, 6, 57, 110
7, 38634, Note_off_c, 6, 57, 127
7, 38640, Note_on_c, 6, 52, 110
7, 38874, Note_off_c, 6, 52, 127
7, 38880, Note_on_c, 6, 57, 110
7, 39114, Note_off_c, 6, 57, 127
7, 39120, Note_on_c, 6, 52, 110
7, 39354, Note_off_c, 6, 52, 127
7, 39360, Note_on_c, 6, 55, 110
7, 39594, Note_off_c, 6, 55, 127
7, 39600, Note_on_c, 6, 50, 110
7, 39834, Note_off_c, 6, 50, 127
7, 39840, Note_on_c, 6, 55, 110
7, 40074, Note_off_c, 6, 55, 127
7, 40080, Note_on_c, 6, 50, 110
7, 40314, Note_off_c, 6, 50, 127
7, 40320, Note_on_c, 6, 53, 110
7, 40554, Note_off_c, 6, 53, 127
7, 40560, Note_on_c, 6, 48, 110
7, 40794, Note_off_c, 6, 48, 127
7, 40800, Note_on_c, 6, 53, 110
7, 41034, Note_off_c, 6, 53, 127
7, 41040, Note_on_c, 6, 48, 110
7, 41274, Note_off_c, 6, 48, 127
7, 41280, Note_on_c, 6, 56, 110
7, 41514, Note_off_c, 6, 56, 127
7, 41520, Note_on_c, 6, 52, 110
7, 41754, Note_off_c, 6, 52, 127
7, 41760, Note_on_c, 6, 56, 110
7, 41994, Note_off_c, 6, 56, 127
7, 42000, Note_on_c, 6, 52, 110
7, 42234, Note_off_c, 6, 52, 127
7, 42240, Note_on_c, 6, 57, 110
7, 42474, Note_off_c, 6, 57, 127
7, 42480, Note_on_c, 6, 52, 110
7, 42714, Note_off_c, 6, 52, 127
7, 42720, Note_on_c, 6, 57, 110
7, 42954, Note_off_c, 6, 57, 127
7, 42960, Note_on_c, 6, 52, 110
7, 43194, Note_off_c, 6, 52, 127
7, 43200, Note_on_c, 6, 56, 110
7, 43434, Note_off_c, 6, 56, 127
7, 43440, Note_on_c, 6, 52, 110
7, 43674, Note_off_c, 6, 52, 127
7, 43680, Note_on_c, 6, 56, 110
7, 43914, Note_off_c, 6, 56, 127
7, 43920, Note_on_c, 6, 52, 110
7, 44154, Note_off_c, 6, 52, 127
7, 44160, Note_on_c, 6, 57, 110
7, 44394, Note_off_c, 6, 57, 127
7, 44400, Note_on_c, 6, 52, 110
7, 44634, Note_off_c, 6, 52, 127
7, 44640, Note_on_c, 6, 57, 110
7, 44874, Note_off_c, 6, 57, 127
7, 44880, Note_on_c, 6, 52, 110
7, 45114, Note_off_c, 6, 52, 127
7, 45120, Note_on_c, 6, 57, 110
7, 45354, Note_off_c, 6, 57, 127
7, 45360, Note_on_c, 6, 52, 110
7, 45594, Note_off_c, 6, 52, 127
7, 45600, Note_on_c, 6, 57, 110
7, 45834, Note_off_c, 6, 57, 127
7, 45840, Note_on_c, 6, 52, 110
7, 46074, Note_off_c, 6, 52, 127
7, 46080, Note_on_c, 6, 57, 110
7, 46314, Note_off_c, 6, 57, 127
7, 46320, Note_on_c, 6, 52, 110
7, 46554, Note_off_c, 6, 52, 127
7, 46560, Note_on_c, 6, 57, 110
7, 46794, Note_off_c, 6, 57, 127
7, 46800, Note_on_c, 6, 52, 110
7, 47034, Note_off_c, 6, 52, 127
7, 47040, Note_on_c, 6, 55, 110
7, 47274, Note_off_c, 6, 55, 127
7, 47280, Note_on_c, 6, 50, 110
7, 47514, Note_off_c, 6, 50, 127
7, 47520, Note_on_c, 6, 55, 110
7, 47754, Note_off_c, 6, 55, 127
7, 47760, Note_on_c, 6, 50, 110
7, 47994, Note_off_c, 6, 50, 127
7, 48000, Note_on_c, 6, 53, 110
7, 48234, Note_off_c, 6, 53, 127
7, 48240, Note_on_c, 6, 48, 110
7, 48474, Note_off_c, 6, 48, 127
7, 48480, Note_on_c, 6, 53, 110
7, 48714, Note_off_c, 6, 53, 127
7, 48720, Note_on_c, 6, 48, 110
7, 48954, Note_off_c, 6, 48, 127
7, 48960, Note_on_c, 6, 53, 110
7, 49194, Note_off_c, 6, 53, 127
7, 49200, Note_on_c, 6, 48, 110
7, 49434, Note_off_c, 6, 48, 127
7, 49440, Note_on_c, 6, 55, 110
7, 49674, Note_off_c, 6, 55, 127
7, 49680, Note_on_c, 6, 50, 110
7, 49914, Note_off_c, 6, 50, 127
7, 49920, Note_on_c, 6, 57, 110
7, 50154, Note_off_c, 6, 57, 127
7, 50160, Note_on_c, 6, 52, 110
7, 50394, Note_off_c, 6, 52, 127
7, 50400, Note_on_c, 6, 57, 110
7, 50634, Note_off_c, 6, 57, 127
7, 50640, Note_on_c, 6, 52, 110
7, 50874, Note_off_c, 6, 52, 127
7, 50880, Note_on_c, 6, 55, 110
7, 51114, Note_off_c, 6, 55, 127
7, 51120, Note_on_c, 6, 50, 110
7, 51354, Note_off_c, 6, 50, 127
7, 51360, Note_on_c, 6, 55, 110
7, 51594, Note_off_c, 6, 55, 127
7, 51600, Note_on_c, 6, 50, 110
7, 51834, Note_off_c, 6, 50, 127
7, 51840, Note_on_c, 6, 53, 110
7, 52074, Note_off_c, 6, 53, 127
7, 52080, Note_on_c, 6, 48, 110
7, 52314, Note_off_c, 6, 48, 127
7, 52320, Note_on_c, 6, 53, 110
7, 52554, Note_off_c, 6, 53, 127
7, 52560, Note_on_c, 6, 48, 110
7, 52794, Note_off_c, 6, 48, 127
7, 52800, Note_on_c, 6, 52, 110
7, 53034, Note_off_c, 6, 52, 127
7, 53040, Note_on_c, 6, 47, 110
7, 53274, Note_off_c, 6, 47, 127
7, 53280, Note_on_c, 6, 52, 110
7, 53514, Note_off_c, 6, 52, 127
7, 53520, Note_on_c, 6, 47, 110
7, 53754, Note_off_c, 6, 47, 127
7, 53760, Note_on_c, 6, 57, 110
7, 53994, Note_off_c, 6, 57, 127
7, 54000, Note_on_c, 6, 52, 110
7, 54234, Note_off_c, 6, 52, 127
7, 54240, Note_on_c, 6, 57, 110
7, 54474, Note_off_c, 6, 57, 127
7, 54480, Note_on_c, 6, 52, 110
7, 54714, Note_off_c, 6, 52, 127
7, 54720, Note_on_c, 6, 55, 110
7, 54954, Note_off_c, 6, 55, 127
7, 54960, Note_on_c, 6, 50, 110
7, 55194, Note_off_c, 6, 50, 127
7, 55200, Note_on_c, 6, 55, 110
7, 55434, Note_off_c, 6, 55, 127
7, 55440, Note_on_c, 6, 50, 110
7, 55674, Note_off_c, 6, 50, 127
7, 55680, Note_on_c, 6, 53, 110
7, 55914, Note_off_c, 6, 53, 127
7, 55920, Note_on_c, 6, 48, 110
7, 56154, Note_off_c, 6, 48, 127
7, 56160, Note_on_c, 6, 53, 110
7, 56394, Note_off_c, 6, 53, 127
7, 56400, Note_on_c, 6, 48, 110
7, 56634, Note_off_c, 6, 48, 127
7, 56640, Note_on_c, 6, 53, 110
7, 56874, Note_off_c, 6, 53, 127
7, 56880, Note_on_c, 6, 48, 110
7, 57114, Note_off_c, 6, 48, 127
7, 57120, Note_on_c, 6, 55, 110
7, 57354, Note_off_c, 6, 55, 127
7, 57360, Note_on_c, 6, 50, 110
7, 57594, Note_off_c, 6, 50, 127
7, 57600, Note_on_c, 6, 57, 110
7, 57834, Note_off_c, 6, 57, 127
7, 57840, Note_on_c, 6, 52, 110
7, 58074, Note_off_c, 6, 52, 127
7, 58080, Note_on_c, 6, 57, 110
7, 58314, Note_off_c, 6, 57, 127
7, 58320, Note_on_c, 6, 52, 110
7, 58554, Note_off_c, 6, 52, 127
7, 58560, Note_on_c, 6, 55, 110
7, 58794, Note_off_c, 6, 55, 127
7, 58800, Note_on_c, 6, 50, 110
7, 59034, Note_off_c, 6, 50, 127
7, 59040, Note_on_c, 6, 55, 110
7, 59274, Note_off_c, 6, 55, 127
7, 59280, Note_on_c, 6, 50, 110
7, 59514, Note_off_c, 6, 50, 127
7, 59520, Note_on_c, 6, 53, 110
7, 59754, Note_off_c, 6, 53, 127
7, 59760, Note_on_c, 6, 48, 110
7, 59994, Note_off_c, 6, 48, 127
7, 60000, Note_on_c, 6, 53, 110
7, 60234, Note_off_c, 6, 53, 127
7, 60240, Note_on_c, 6, 48, 110
7, 60474, Note_off_c, 6, 48, 127
7, 60480, Note_on_c, 6, 52, 110
7, 60714, Note_off_c, 6, 52, 127
7, 60720, Note_on_c, 6, 47, 110
7, 60954, Note_off_c, 6, 47, 127
7, 60960, Note_on_c, 6, 52, 110
7, 61194, Note_off_c, 6, 52, 127
7, 61200, Note_on_c, 6, 47, 110
7, 61434, Note_off_c, 6, 47, 127
7, 61440, Note_on_c, 6, 57, 110
7, 61674, Note_off_c, 6, 57, 127
7, 61680, Note_on_c, 6, 52, 110
7, 61914, Note_off_c, 6, 52, 127
7, 61920, Note_on_c, 6, 57, 110
7, 62154, Note_off_c, 6, 57, 127
7, 62160, Note_on_c, 6, 52, 110
7, 62394, Note_off_c, 6, 52, 127
7, 62400, Note_on_c, 6, 55, 110
7, 62634, Note_off_c, 6, 55, 127
7, 62640, Note_on_c, 6, 52, 110
7, 62874, Note_off_c, 6, 52, 127
7, 62880, Note_on_c, 6, 55, 110
7, 63114, Note_off_c, 6, 55, 127
7, 63120, Note_on_c, 6, 52, 110
7, 63354, Note_off_c, 6, 52, 127
7, 63360, Note_on_c, 6, 53, 110
7, 63594, Note_off_c, 6, 53, 127
7, 63600, Note_on_c, 6, 48, 110
7, 63834, Note_off_c, 6, 48, 127
7, 63840, Note_on_c, 6, 53, 110
7, 64074, Note_off_c, 6, 53, 127
7, 64080, Note_on_c, 6, 48, 110
7, 64314, Note_off_c, 6, 48, 127
7, 64320, Note_on_c, 6, 53, 110
7, 64554, Note_off_c, 6, 53, 127
7, 64560, Note_on_c, 6, 48, 110
7, 64794, Note_off_c, 6, 48, 127
7, 64800, Note_on_c, 6, 55, 110
7, 65034, Note_off_c, 6, 55, 127
7, 65040, Note_on_c, 6, 50, 110
7, 65274, Note_off_c, 6, 50, 127
7, 65280, Note_on_c, 6, 57, 110
7, 65514, Note_off_c, 6, 57, 127
7, 65520, Note_on_c, 6, 52, 110
7, 65754, Note_off_c, 6, 52, 127
7, 65760, Note_on_c, 6, 57, 110
7, 65994, Note_off_c, 6, 57, 127
7, 66000, Note_on_c, 6, 52, 110
7, 66234, Note_off_c, 6, 52, 127
7, 66240, Note_on_c, 6, 55, 110
7, 66474, Note_off_c, 6, 55, 127
7, 66480, Note_on_c, 6, 52, 110
7, 66714, Note_off_c, 6, 52, 127
7, 66720, Note_on_c, 6, 55, 110
7, 66954, Note_off_c, 6, 55, 127
7, 66960, Note_on_c, 6, 52, 110
7, 67194, Note_off_c, 6, 52, 127
7, 67200, Note_on_c, 6, 53, 110
7, 67434, Note_off_c, 6, 53, 127
7, 67440, Note_on_c, 6, 48, 110
7, 67674, Note_off_c, 6, 48, 127
7, 67680, Note_on_c, 6, 53, 110
7, 67914, Note_off_c, 6, 53, 127
7, 67920, Note_on_c, 6, 48, 110
7, 68154, Note_off_c, 6, 48, 127
7, 68160, Note_on_c, 6, 53, 110
7, 68394, Note_off_c, 6, 53, 127
7, 68400, Note_on_c, 6, 48, 110
7, 68634, Note_off_c, 6, 48, 127
7, 68640, Note_on_c, 6, 53, 110
7, 68874, Note_off_c, 6, 53, 127
7, 68880, Note_on_c, 6, 48, 110
7, 69114, Note_off_c, 6, 48, 127
7, 69120, Note_on_c, 6, 60, 110
7, 69354, Note_off_c, 6, 60, 127
7, 69360, Note_on_c, 6, 55, 110
7, 69594, Note_off_c, 6, 55, 127
7, 69600, Note_on_c, 6, 60, 110
7, 69834, Note_off_c, 6, 60, 127
7, 69840, Note_on_c, 6, 55, 110
7, 70074, Note_off_c, 6, 55, 127
7, 70080, Note_on_c, 6, 59, 110
7, 70314, Note_off_c, 6, 59, 127
7, 70320, Note_on_c, 6, 55, 110
7, 70554, Note_off_c, 6, 55, 127
7, 70560, Note_on_c, 6, 59, 110
7, 70794, Note_off_c, 6, 59, 127
7, 70800, Note_on_c, 6, 55, 110
7, 71034, Note_off_c, 6, 55, 127
7, 71040, Note_on_c, 6, 57, 110
7, 71274, Note_off_c, 6, 57, 127
7, 71280, Note_on_c, 6, 53, 110
7, 71514, Note_off_c, 6, 53, 127
7, 71520, Note_on_c, 6, 57, 110
7, 71754, Note_off_c, 6, 57, 127
7, 71760, Note_on_c, 6, 53, 110
7, 71994, Note_off_c, 6, 53, 127
7, 72000, Note_on_c, 6, 57, 110
7, 72234, Note_off_c, 6, 57, 127
7, 72240, Note_on_c, 6, 53, 110
7, 72474, Note_off_c, 6, 53, 127
7, 72480, Note_on_c, 6, 59, 110
7, 72714, Note_off_c, 6, 59, 127
7, 72720, Note_on_c, 6, 55, 110
7, 72954, Note_off_c, 6, 55, 127
7, 72960, Note_on_c, 6, 57, 110
7, 73194, Note_off_c, 6, 57, 127
7, 73200, Note_on_c, 6, 52, 110
7, 73434, Note_off_c, 6, 52, 127
7, 73440, Note_on_c, 6, 57, 110
7, 73674, Note_off_c, 6, 57, 127
7, 73680, Note_on_c, 6, 52, 110
7, 73914, Note_off_c, 6, 52, 127
7, 73920, Note_on_c, 6, 55, 110
7, 74154, Note_off_c, 6, 55, 127
7, 74160, Note_on_c, 6, 50, 110
7, 74394, Note_off_c, 6, 50, 127
7, 74400, Note_on_c, 6, 55, 110
7, 74634, Note_off_c, 6, 55, 127
7, 74640, Note_on_c, 6, 50, 110
7, 74874, Note_off_c, 6, 50, 127
7, 74880, Note_on_c, 6, 53, 110
7, 75114, Note_off_c, 6, 53, 127
7, 75120, Note_on_c, 6, 48, 110
7, 75354, Note_off_c, 6, 48, 127
7, 75360, Note_on_c, 6, 53, 110
7, 75594, Note_off_c, 6, 53, 127
7, 75600, Note_on_c, 6, 48, 110
7, 75834, Note_off_c, 6, 48, 127
7, 75840, Note_on_c, 6, 56, 110
7, 76074, Note_off_c, 6, 56, 127
7, 76080, Note_on_c, 6, 52, 110
7, 76314, Note_off_c, 6, 52, 127
7, 76320, Note_on_c, 6, 56, 110
7, 76554, Note_off_c, 6, 56, 127
7, 76560, Note_on_c, 6, 52, 110
7, 76794, Note_off_c, 6, 52, 127
7, 76800, Note_on_c, 6, 57, 110
7, 77034, Note_off_c, 6, 57, 127
7, 77040, Note_on_c, 6, 52, 110
7, 77274, Note_off_c, 6, 52, 127
7, 77280, Note_on_c, 6, 57, 110
7, 77514, Note_off_c, 6, 57, 127
7, 77520, Note_on_c, 6, 52, 110
7, 77754, Note_off_c, 6, 52, 127
7, 77760, Note_on_c, 6, 55, 110
7, 77994, Note_off_c, 6, 55, 127
7, 78000, Note_on_c, 6, 50, 110
7, 78234, Note_off_c, 6, 50, 127
7, 78240, Note_on_c, 6, 55, 110
7, 78474, Note_off_c, 6, 55, 127
7, 78480, Note_on_c, 6, 50, 110
7, 78714, Note_off_c, 6, 50, 127
7, 78720, Note_on_c, 6, 53, 110
7, 78954, Note_off_c, 6, 53, 127
7, 78960, Note_on_c, 6, 48, 110
7, 79194, Note_off_c, 6, 48, 127
7, 79200, Note_on_c, 6, 53, 110
7, 79434, Note_off_c, 6, 53, 127
7, 79440, Note_on_c, 6, 48, 110
7, 79674, Note_off_c, 6, 48, 127
7, 79680, Note_on_c, 6, 55, 110
7, 79914, Note_off_c, 6, 55, 127
7, 79920, Note_on_c, 6, 50, 110
7, 80154, Note_off_c, 6, 50, 127
7, 80160, Note_on_c, 6, 55, 110
7, 80394, Note_off_c, 6, 55, 127
7, 80400, Note_on_c, 6, 50, 110
7, 80634, Note_off_c, 6, 50, 127
7, 80640, Note_on_c, 6, 57, 110
7, 80874, Note_off_c, 6, 57, 127
7, 80880, Note_on_c, 6, 52, 110
7, 81114, Note_off_c, 6, 52, 127
7, 81120, Note_on_c, 6, 57, 110
7, 81354, Note_off_c, 6, 57, 127
7, 81360, Note_on_c, 6, 52, 110
7, 81594, Note_off_c, 6, 52, 127
7, 81600, Note_on_c, 6, 55, 110
7, 81834, Note_off_c, 6, 55, 127
7, 81840, Note_on_c, 6, 50, 110
7, 82074, Note_off_c, 6, 50, 127
7, 82080, Note_on_c, 6, 55, 110
7, 82314, Note_off_c, 6, 55, 127
7, 82320, Note_on_c, 6, 50, 110
7, 82554, Note_off_c, 6, 50, 127
7, 82560, Note_on_c, 6, 53, 110
7, 82794, Note_off_c, 6, 53, 127
7, 82800, Note_on_c, 6, 48, 110
7, 83034, Note_off_c, 6, 48, 127
7, 83040, Note_on_c, 6, 53, 110
7, 83274, Note_off_c, 6, 53, 127
7, 83280, Note_on_c, 6, 48, 110
7, 83514, Note_off_c, 6, 48, 127
7, 83520, Note_on_c, 6, 56, 110
7, 83754, Note_off_c, 6, 56, 127
7, 83760, Note_on_c, 6, 52, 110
7, 83994, Note_off_c, 6, 52, 127
7, 84000, Note_on_c, 6, 56, 110
7, 84234, Note_off_c, 6, 56, 127
7, 84240, Note_on_c, 6, 52, 110
7, 84474, Note_off_c, 6, 52, 127
7, 84480, Note_on_c, 6, 57, 110
7, 84714, Note_off_c, 6, 57, 127
7, 84720, Note_on_c, 6, 52, 110
7, 84954, Note_off_c, 6, 52, 127
7, 84960, Note_on_c, 6, 57, 110
7, 85194, Note_off_c, 6, 57, 127
7, 85200, Note_on_c, 6, 52, 110
7, 85434, Note_off_c, 6, 52, 127
7, 85440, Note_on_c, 6, 56, 110
7, 85674, Note_off_c, 6, 56, 127
7, 85680, Note_on_c, 6, 52, 110
7, 85914, Note_off_c, 6, 52, 127
7, 85920, Note_on_c, 6, 56, 110
7, 86154, Note_off_c, 6, 56, 127
7, 86160, Note_on_c, 6, 52, 110
7, 86394, Note_off_c, 6, 52, 127
7, 86400, Note_on_c, 6, 57, 110
7, 86634, Note_off_c, 6, 57, 127
7, 86640, Note_on_c, 6, 52, 110
7, 86874, Note_off_c, 6, 52, 127
7, 86880, Note_on_c, 6, 57, 110
7, 87114, Note_off_c, 6, 57, 127
7, 87120, Note_on_c, 6, 52, 110
7, 87354, Note_off_c, 6, 52, 127
7, 87360, Note_on_c, 6, 57, 110
7, 87594, Note_off_c, 6, 57, 127
7, 87600, Note_on_c, 6, 52, 110
7, 87834, Note_off_c, 6, 52, 127
7, 87840, Note_on_c, 6, 57, 110
7, 88074, Note_off_c, 6, 57, 127
7, 88080, Note_on_c, 6, 52, 110
7, 88314, Note_off_c, 6, 52, 127
7, 88320, End_track
8, 0, Start_track
8, 0, Title_t, "Tempo Track"
8, 0, Control_c, 3, 121, 0
8, 0, Program_c, 3, 40
8, 0, Control_c, 3, 32, 0
8, 0, Control_c, 3, 0, 0
8, 0, Control_c, 3, 10, 64
8, 0, Control_c, 3, 7, 127
8, 0, Control_c, 3, 91, 0
8, 0, Control_c, 3, 7, 127
8, 0, Control_c, 3, 93, 0
8, 0, Control_c, 3, 10, 64
8, 88320, End_track
0, 0, End_of_file
